data,acucar_blr
20/05/2003,29.65
21/05/2003,29.26
22/05/2003,28.81
23/05/2003,28.35
26/05/2003,27.83
27/05/2003,27.76
28/05/2003,27.48
29/05/2003,27.23
30/05/2003,27.04
02/06/2003,26.74
03/06/2003,26.66
04/06/2003,26.63
05/06/2003,26.55
06/06/2003,26.43
09/06/2003,26.41
10/06/2003,26.2
11/06/2003,25.94
12/06/2003,25.71
13/06/2003,25.64
16/06/2003,25.58
17/06/2003,24.95
18/06/2003,24.43
20/06/2003,24.08
23/06/2003,23.72
24/06/2003,23.28
25/06/2003,23.21
26/06/2003,23.25
27/06/2003,23.31
30/06/2003,23.12
01/07/2003,23.22
02/07/2003,23.15
03/07/2003,23.07
04/07/2003,23.05
07/07/2003,23
08/07/2003,23.07
10/07/2003,23.11
11/07/2003,23.09
14/07/2003,23.09
15/07/2003,23.08
16/07/2003,23.1
17/07/2003,23.15
18/07/2003,23.38
21/07/2003,23.67
22/07/2003,23.82
23/07/2003,24.06
24/07/2003,24.52
25/07/2003,24.86
28/07/2003,25.41
29/07/2003,25.8
30/07/2003,26.49
31/07/2003,27.24
01/08/2003,27.83
04/08/2003,28.39
05/08/2003,29.01
06/08/2003,29.66
07/08/2003,30.16
08/08/2003,30.19
11/08/2003,30.14
12/08/2003,30.23
13/08/2003,30.22
14/08/2003,30.33
15/08/2003,29.93
18/08/2003,29.76
19/08/2003,30.01
20/08/2003,29.98
21/08/2003,29.8
22/08/2003,29.78
25/08/2003,29.1
26/08/2003,28.68
27/08/2003,28.49
28/08/2003,28.28
29/08/2003,27.64
01/09/2003,27.51
02/09/2003,27.36
03/09/2003,27.08
04/09/2003,26.62
05/09/2003,25.89
08/09/2003,25.95
09/09/2003,25.46
10/09/2003,25.31
11/09/2003,24.71
12/09/2003,24.5
15/09/2003,24.41
16/09/2003,24.33
17/09/2003,24.28
18/09/2003,23.89
19/09/2003,23.12
22/09/2003,22.87
23/09/2003,22.4
24/09/2003,22.28
25/09/2003,22.16
26/09/2003,21.78
29/09/2003,21.64
30/09/2003,21.35
01/10/2003,21.29
02/10/2003,21.41
03/10/2003,21.5
06/10/2003,21.8
07/10/2003,21.89
08/10/2003,21.99
09/10/2003,21.91
10/10/2003,21.82
13/10/2003,21.76
14/10/2003,21.71
15/10/2003,21.63
16/10/2003,21.59
17/10/2003,21.34
20/10/2003,21.1
21/10/2003,21.02
22/10/2003,20.96
23/10/2003,20.73
24/10/2003,20.47
27/10/2003,20.44
28/10/2003,20.06
29/10/2003,20.05
30/10/2003,20.02
31/10/2003,19.74
03/11/2003,19.72
04/11/2003,19.72
05/11/2003,19.68
06/11/2003,19.79
07/11/2003,20.14
10/11/2003,20.17
11/11/2003,20.28
12/11/2003,20.29
13/11/2003,20.14
14/11/2003,20.28
17/11/2003,20.34
18/11/2003,20.4
19/11/2003,20.47
20/11/2003,20.55
21/11/2003,20.66
24/11/2003,20.83
25/11/2003,21
26/11/2003,21.03
27/11/2003,21.01
28/11/2003,21.01
01/12/2003,21.04
02/12/2003,21.33
03/12/2003,21.21
04/12/2003,21.32
05/12/2003,21.34
08/12/2003,21.65
09/12/2003,21.65
10/12/2003,21.61
11/12/2003,21.59
12/12/2003,21.51
15/12/2003,21.6
16/12/2003,21.47
17/12/2003,21.53
18/12/2003,21.65
19/12/2003,21.39
22/12/2003,21.4
23/12/2003,21.56
26/12/2003,21.27
29/12/2003,21.2
30/12/2003,21.17
02/01/2004,20.95
05/01/2004,20.87
06/01/2004,21
07/01/2004,20.96
08/01/2004,20.89
09/01/2004,20.94
12/01/2004,20.82
13/01/2004,20.67
14/01/2004,20.51
15/01/2004,20.32
16/01/2004,19.75
19/01/2004,19.32
20/01/2004,19.26
21/01/2004,18.98
22/01/2004,18.75
23/01/2004,18.57
26/01/2004,18.48
27/01/2004,18.14
28/01/2004,17.96
29/01/2004,17.91
30/01/2004,17.8
02/02/2004,18.21
03/02/2004,18.27
04/02/2004,18.19
05/02/2004,18.24
06/02/2004,18.25
09/02/2004,18.36
10/02/2004,18.33
11/02/2004,18.33
12/02/2004,18.21
13/02/2004,18.2
16/02/2004,18.21
17/02/2004,18.09
18/02/2004,18.07
19/02/2004,17.94
20/02/2004,17.86
25/02/2004,18.02
26/02/2004,18.2
27/02/2004,18.19
01/03/2004,18.25
02/03/2004,18.32
03/03/2004,18.32
04/03/2004,18.33
05/03/2004,18.66
08/03/2004,18.88
09/03/2004,19.49
10/03/2004,19.45
11/03/2004,19.82
12/03/2004,20.12
15/03/2004,20.59
16/03/2004,21.08
17/03/2004,21.63
18/03/2004,21.86
19/03/2004,22.04
22/03/2004,22.77
23/03/2004,23.53
24/03/2004,24.12
25/03/2004,25.25
26/03/2004,25.68
29/03/2004,25.97
30/03/2004,26.23
31/03/2004,26.87
01/04/2004,27.28
02/04/2004,28.29
05/04/2004,28.77
06/04/2004,29.04
07/04/2004,29.06
08/04/2004,28.99
12/04/2004,29.22
13/04/2004,29.44
14/04/2004,29.44
15/04/2004,29.33
16/04/2004,28.69
19/04/2004,28.44
20/04/2004,28.72
22/04/2004,27.92
23/04/2004,27.86
26/04/2004,27.44
27/04/2004,26.84
28/04/2004,25.69
29/04/2004,25.23
30/04/2004,24.31
03/05/2004,23.96
04/05/2004,23.83
05/05/2004,23.53
06/05/2004,23.14
07/05/2004,22.95
10/05/2004,22.92
11/05/2004,22.48
12/05/2004,22.24
13/05/2004,21.94
14/05/2004,21.89
17/05/2004,21.67
18/05/2004,21.24
19/05/2004,21.09
20/05/2004,21.31
21/05/2004,21.43
24/05/2004,21.61
25/05/2004,22.19
26/05/2004,22.49
27/05/2004,22.84
28/05/2004,22.97
31/05/2004,23.17
01/06/2004,23.55
02/06/2004,24.42
03/06/2004,24.95
04/06/2004,25.47
07/06/2004,25.98
08/06/2004,26.54
09/06/2004,26.85
11/06/2004,26.99
14/06/2004,27.17
15/06/2004,27.31
16/06/2004,27.32
17/06/2004,27.34
18/06/2004,27.26
21/06/2004,27.34
22/06/2004,27.35
23/06/2004,27.44
24/06/2004,27.12
25/06/2004,27.01
28/06/2004,26.86
29/06/2004,26.9
30/06/2004,26.8
01/07/2004,26.6
02/07/2004,26.46
05/07/2004,26.36
06/07/2004,26.79
07/07/2004,26.89
08/07/2004,27.01
12/07/2004,27.04
13/07/2004,27.32
14/07/2004,27.46
15/07/2004,27.63
16/07/2004,27.82
19/07/2004,28.11
20/07/2004,28.12
21/07/2004,28.34
22/07/2004,28.45
23/07/2004,28.63
26/07/2004,28.84
27/07/2004,28.97
28/07/2004,29.24
29/07/2004,29.34
30/07/2004,29.37
02/08/2004,29.46
03/08/2004,29.64
04/08/2004,29.79
05/08/2004,29.98
06/08/2004,30.01
09/08/2004,30.17
10/08/2004,30.16
11/08/2004,30.17
12/08/2004,30.14
13/08/2004,30.3
16/08/2004,30.18
17/08/2004,30.24
18/08/2004,30.18
19/08/2004,30.25
20/08/2004,30.22
23/08/2004,30.25
24/08/2004,30.1
25/08/2004,29.9
26/08/2004,30.09
27/08/2004,29.75
30/08/2004,29.62
31/08/2004,29.49
01/09/2004,29.55
02/09/2004,29.7
03/09/2004,29.76
06/09/2004,29.72
08/09/2004,29.73
09/09/2004,29.67
10/09/2004,29.53
13/09/2004,29.52
14/09/2004,29.2
15/09/2004,29.09
16/09/2004,28.72
17/09/2004,28.59
20/09/2004,28.56
21/09/2004,28.36
22/09/2004,28.15
23/09/2004,27.93
24/09/2004,27.94
27/09/2004,27.54
28/09/2004,27.48
29/09/2004,27.28
30/09/2004,27.26
01/10/2004,27.28
04/10/2004,27.36
05/10/2004,27.41
06/10/2004,27.4
07/10/2004,27.32
08/10/2004,27.28
11/10/2004,27.26
13/10/2004,27.33
14/10/2004,27.44
15/10/2004,27.51
18/10/2004,27.52
19/10/2004,27.44
20/10/2004,27.42
21/10/2004,27.73
22/10/2004,27.77
25/10/2004,27.99
26/10/2004,28.09
27/10/2004,28.18
28/10/2004,28.27
29/10/2004,28.39
01/11/2004,28.34
03/11/2004,28.39
04/11/2004,28.43
05/11/2004,28.49
08/11/2004,28.63
09/11/2004,28.69
10/11/2004,28.85
11/11/2004,29.21
12/11/2004,29.53
16/11/2004,29.66
17/11/2004,29.87
18/11/2004,30.02
19/11/2004,30.37
22/11/2004,30.66
23/11/2004,31.02
24/11/2004,31.19
25/11/2004,31.54
26/11/2004,31.57
29/11/2004,31.72
30/11/2004,31.91
01/12/2004,31.91
02/12/2004,31.84
03/12/2004,32.11
06/12/2004,32.31
07/12/2004,32.27
08/12/2004,32.01
09/12/2004,32.1
10/12/2004,32.15
13/12/2004,32.34
14/12/2004,32.18
15/12/2004,32
16/12/2004,31.24
17/12/2004,31.28
20/12/2004,31.23
21/12/2004,30.85
22/12/2004,30.91
23/12/2004,30.49
27/12/2004,30.4
28/12/2004,30.27
29/12/2004,30.25
30/12/2004,29.9
03/01/2005,30.05
04/01/2005,30.06
05/01/2005,29.98
06/01/2005,29.98
07/01/2005,29.85
10/01/2005,29.82
11/01/2005,29.96
12/01/2005,29.81
13/01/2005,29.57
14/01/2005,29.52
17/01/2005,29.61
18/01/2005,29.54
19/01/2005,29.47
20/01/2005,29.24
21/01/2005,29.1
24/01/2005,29.08
25/01/2005,28.6
26/01/2005,28.42
27/01/2005,28.42
28/01/2005,28.59
31/01/2005,28.67
01/02/2005,28.68
02/02/2005,28.48
03/02/2005,28.75
04/02/2005,28.76
09/02/2005,28.98
10/02/2005,28.61
11/02/2005,28.74
14/02/2005,28.66
15/02/2005,28.69
16/02/2005,28.7
17/02/2005,28.65
18/02/2005,28.67
21/02/2005,28.64
22/02/2005,28.75
23/02/2005,28.95
24/02/2005,29.01
25/02/2005,29.08
28/02/2005,29.19
01/03/2005,29.24
02/03/2005,29.33
03/03/2005,29.47
04/03/2005,29.51
07/03/2005,29.79
08/03/2005,30.16
09/03/2005,30.43
10/03/2005,30.6
11/03/2005,31.15
14/03/2005,31.8
15/03/2005,32.74
16/03/2005,33.62
17/03/2005,34.33
18/03/2005,34.88
21/03/2005,35.31
22/03/2005,36.02
23/03/2005,36.36
24/03/2005,37.12
28/03/2005,37.31
29/03/2005,37.33
30/03/2005,37.41
31/03/2005,37.46
01/04/2005,37.67
04/04/2005,37.87
05/04/2005,37.9
06/04/2005,37.82
07/04/2005,37.62
08/04/2005,37.35
11/04/2005,36.83
12/04/2005,36.04
13/04/2005,35.22
14/04/2005,34.58
15/04/2005,33.85
18/04/2005,32.79
19/04/2005,32.38
20/04/2005,31.53
22/04/2005,30.99
25/04/2005,29.95
26/04/2005,29.05
27/04/2005,28.12
28/04/2005,27.73
29/04/2005,27.36
02/05/2005,27.17
03/05/2005,27.12
04/05/2005,27.02
05/05/2005,27.16
06/05/2005,27.06
09/05/2005,27.01
10/05/2005,26.89
11/05/2005,26.7
12/05/2005,26.59
13/05/2005,26.38
16/05/2005,26.34
17/05/2005,26.07
18/05/2005,25.87
19/05/2005,25.7
20/05/2005,25.55
23/05/2005,25.42
24/05/2005,25.34
25/05/2005,25.4
27/05/2005,25.39
30/05/2005,25.4
31/05/2005,25.48
01/06/2005,25.68
02/06/2005,25.7
03/06/2005,25.66
06/06/2005,25.66
07/06/2005,25.88
08/06/2005,25.89
09/06/2005,25.85
10/06/2005,25.84
13/06/2005,25.79
14/06/2005,25.98
15/06/2005,25.93
16/06/2005,25.95
17/06/2005,25.89
20/06/2005,25.9
21/06/2005,25.89
22/06/2005,26.13
23/06/2005,26.3
24/06/2005,26.57
27/06/2005,26.66
28/06/2005,26.95
29/06/2005,27.22
30/06/2005,27.58
01/07/2005,27.93
04/07/2005,28.27
05/07/2005,28.38
06/07/2005,28.52
07/07/2005,28.57
08/07/2005,28.67
11/07/2005,28.78
12/07/2005,29.1
13/07/2005,29.29
14/07/2005,29.38
15/07/2005,29.43
18/07/2005,29.65
19/07/2005,29.61
20/07/2005,29.6
21/07/2005,29.63
22/07/2005,29.52
25/07/2005,29.56
26/07/2005,29.57
27/07/2005,29.68
28/07/2005,29.89
29/07/2005,29.93
01/08/2005,30.06
02/08/2005,30.15
03/08/2005,30.06
04/08/2005,30.02
05/08/2005,30.15
08/08/2005,30.24
09/08/2005,30.51
10/08/2005,30.52
11/08/2005,30.67
12/08/2005,30.77
15/08/2005,30.8
16/08/2005,30.81
17/08/2005,30.54
18/08/2005,30.62
19/08/2005,30.74
22/08/2005,30.72
23/08/2005,30.62
24/08/2005,30.71
25/08/2005,30.67
26/08/2005,30.66
29/08/2005,30.69
30/08/2005,30.54
31/08/2005,30.57
01/09/2005,30.66
02/09/2005,30.85
05/09/2005,30.99
06/09/2005,31.17
08/09/2005,31.2
09/09/2005,31.24
12/09/2005,31.38
13/09/2005,31.46
14/09/2005,31.61
15/09/2005,31.62
16/09/2005,31.68
19/09/2005,31.96
20/09/2005,32.25
21/09/2005,32.12
22/09/2005,32.39
23/09/2005,32.43
26/09/2005,32.4
27/09/2005,32.46
28/09/2005,32.55
29/09/2005,32.66
30/09/2005,32.64
03/10/2005,32.72
04/10/2005,32.88
05/10/2005,32.87
06/10/2005,32.98
07/10/2005,33.15
10/10/2005,33.28
11/10/2005,33.5
13/10/2005,33.67
14/10/2005,33.73
17/10/2005,33.83
18/10/2005,33.74
19/10/2005,33.8
20/10/2005,33.92
21/10/2005,34.1
24/10/2005,34.22
25/10/2005,34.2
26/10/2005,34.21
27/10/2005,34.25
28/10/2005,34.29
31/10/2005,34.48
01/11/2005,34.44
03/11/2005,34.48
04/11/2005,34.6
07/11/2005,34.57
08/11/2005,34.62
09/11/2005,34.58
10/11/2005,34.57
11/11/2005,34.53
14/11/2005,34.51
16/11/2005,34.48
17/11/2005,34.38
18/11/2005,34.29
21/11/2005,34.23
22/11/2005,34.29
23/11/2005,34.22
24/11/2005,34.09
25/11/2005,33.86
28/11/2005,33.73
29/11/2005,33.56
30/11/2005,33.52
01/12/2005,33.56
02/12/2005,33.76
05/12/2005,34.22
06/12/2005,34.69
07/12/2005,35.33
08/12/2005,35.86
09/12/2005,36.4
12/12/2005,36.67
13/12/2005,37.46
14/12/2005,38.05
15/12/2005,38.62
16/12/2005,39.35
19/12/2005,40.67
20/12/2005,41
21/12/2005,41.7
22/12/2005,42.7
23/12/2005,43.27
26/12/2005,43.84
27/12/2005,44.65
28/12/2005,44.85
29/12/2005,45.56
02/01/2006,46.07
03/01/2006,46.69
04/01/2006,47.07
05/01/2006,47.59
06/01/2006,47.82
09/01/2006,48.25
10/01/2006,48.46
11/01/2006,48.28
12/01/2006,47.99
13/01/2006,47.82
16/01/2006,47.56
17/01/2006,47.67
18/01/2006,47.37
19/01/2006,47.5
20/01/2006,47.63
23/01/2006,48.01
24/01/2006,48.16
25/01/2006,48.07
26/01/2006,48.2
27/01/2006,48.21
30/01/2006,48.48
31/01/2006,48.8
01/02/2006,49.11
02/02/2006,49.64
03/02/2006,49.94
06/02/2006,50.61
07/02/2006,50.82
08/02/2006,50.94
09/02/2006,51.16
10/02/2006,51.3
13/02/2006,51.54
14/02/2006,51.71
15/02/2006,51.89
16/02/2006,52.21
17/02/2006,52.39
20/02/2006,52.69
21/02/2006,52.97
22/02/2006,53.11
23/02/2006,53.01
24/02/2006,52.79
01/03/2006,53.06
02/03/2006,53.48
03/03/2006,53.65
06/03/2006,53.62
07/03/2006,53.59
08/03/2006,53.51
09/03/2006,53.06
10/03/2006,52.76
13/03/2006,52.65
14/03/2006,52.39
15/03/2006,52.41
16/03/2006,52.32
17/03/2006,51.85
20/03/2006,51.37
21/03/2006,50.86
22/03/2006,50.42
23/03/2006,49.87
24/03/2006,49.8
27/03/2006,49.69
28/03/2006,49.78
29/03/2006,49.63
30/03/2006,49.84
31/03/2006,49.95
03/04/2006,50.08
04/04/2006,50.23
05/04/2006,50.45
06/04/2006,50.71
07/04/2006,50.72
10/04/2006,50.85
11/04/2006,51.08
12/04/2006,50.91
13/04/2006,51.22
17/04/2006,51.19
18/04/2006,51.05
19/04/2006,51.12
20/04/2006,50.96
24/04/2006,50.48
25/04/2006,50.34
26/04/2006,50.08
27/04/2006,49.87
28/04/2006,49.65
02/05/2006,49.38
03/05/2006,49.25
04/05/2006,49.32
05/05/2006,49.28
08/05/2006,49.03
09/05/2006,48.83
10/05/2006,48.47
11/05/2006,48.22
12/05/2006,47.82
15/05/2006,47.87
16/05/2006,47.87
17/05/2006,47.92
18/05/2006,47.83
19/05/2006,47.85
22/05/2006,47.86
23/05/2006,48.06
24/05/2006,48.21
25/05/2006,48.42
26/05/2006,48.78
29/05/2006,49.28
30/05/2006,49.53
31/05/2006,49.24
01/06/2006,49.38
02/06/2006,49.21
05/06/2006,49.42
06/06/2006,49.42
07/06/2006,49.46
08/06/2006,49.47
09/06/2006,49.61
12/06/2006,49.67
13/06/2006,49.7
14/06/2006,49.62
16/06/2006,49.39
19/06/2006,49.58
20/06/2006,49.53
21/06/2006,49.71
22/06/2006,49.87
23/06/2006,49.76
26/06/2006,50.07
27/06/2006,50.03
28/06/2006,50.19
29/06/2006,50.52
30/06/2006,50.42
03/07/2006,50.81
04/07/2006,50.9
05/07/2006,50.94
06/07/2006,50.74
07/07/2006,50.7
10/07/2006,51.34
11/07/2006,50.43
12/07/2006,50.44
13/07/2006,50.29
14/07/2006,50.31
17/07/2006,50.42
18/07/2006,50.49
19/07/2006,50.53
20/07/2006,50.54
21/07/2006,50.42
24/07/2006,50.01
25/07/2006,49.74
26/07/2006,49.66
27/07/2006,49.37
28/07/2006,48.78
31/07/2006,48.38
01/08/2006,48.46
02/08/2006,48.22
03/08/2006,48.13
04/08/2006,47.77
07/08/2006,47.5
08/08/2006,46.95
09/08/2006,46.61
10/08/2006,46.5
11/08/2006,46.45
14/08/2006,45.99
15/08/2006,44.75
16/08/2006,43.76
17/08/2006,43.15
18/08/2006,42.71
21/08/2006,42.63
22/08/2006,42.26
23/08/2006,41.53
24/08/2006,41.13
25/08/2006,40.83
28/08/2006,40.39
29/08/2006,39.68
30/08/2006,39.44
31/08/2006,39.41
01/09/2006,39.17
04/09/2006,38.48
05/09/2006,38.59
06/09/2006,38.3
08/09/2006,38.23
11/09/2006,37.91
12/09/2006,37.39
13/09/2006,37.35
14/09/2006,37.47
15/09/2006,37.73
18/09/2006,37.95
19/09/2006,37.99
20/09/2006,38
21/09/2006,38.14
22/09/2006,37.97
25/09/2006,37.77
26/09/2006,37.83
27/09/2006,37.9
28/09/2006,37.8
29/09/2006,37.8
02/10/2006,37.79
03/10/2006,37.63
04/10/2006,37.83
05/10/2006,37.72
06/10/2006,37.26
09/10/2006,37.41
10/10/2006,37.54
11/10/2006,37.34
13/10/2006,37.21
16/10/2006,37.27
17/10/2006,37.23
18/10/2006,37.31
19/10/2006,37.22
20/10/2006,37.23
23/10/2006,37.22
24/10/2006,37.29
25/10/2006,37.1
26/10/2006,36.95
27/10/2006,37.04
30/10/2006,37.07
31/10/2006,37.11
01/11/2006,37.03
03/11/2006,36.73
06/11/2006,36.53
07/11/2006,36.86
08/11/2006,36.74
09/11/2006,36.76
10/11/2006,36.33
13/11/2006,36.27
14/11/2006,36.41
16/11/2006,36.39
17/11/2006,36.34
20/11/2006,36.28
21/11/2006,36.5
22/11/2006,36.23
23/11/2006,36.43
24/11/2006,36.44
27/11/2006,36.24
28/11/2006,36.28
29/11/2006,36.22
30/11/2006,36.45
01/12/2006,36.47
04/12/2006,36.44
05/12/2006,36.57
06/12/2006,36.51
07/12/2006,36.55
08/12/2006,36.51
11/12/2006,36.66
12/12/2006,36.85
13/12/2006,36.99
14/12/2006,37.04
15/12/2006,36.92
18/12/2006,36.83
19/12/2006,37.04
20/12/2006,36.97
21/12/2006,37.07
22/12/2006,36.9
26/12/2006,36.91
27/12/2006,36.78
28/12/2006,36.83
02/01/2007,36.73
03/01/2007,36.68
04/01/2007,36.58
05/01/2007,36.64
08/01/2007,36.78
09/01/2007,36.93
10/01/2007,37.06
11/01/2007,36.98
12/01/2007,37.07
15/01/2007,37.09
16/01/2007,37.13
17/01/2007,37
18/01/2007,37.01
19/01/2007,36.94
22/01/2007,36.92
23/01/2007,36.87
24/01/2007,36.71
25/01/2007,36.52
26/01/2007,36.65
29/01/2007,36.35
30/01/2007,36.49
31/01/2007,36.17
01/02/2007,35.77
02/02/2007,35.67
05/02/2007,35.7
06/02/2007,35.39
07/02/2007,35.16
08/02/2007,35.09
09/02/2007,35.07
12/02/2007,35.16
13/02/2007,34.88
14/02/2007,34.82
15/02/2007,34.4
16/02/2007,34.56
21/02/2007,34.54
22/02/2007,34.63
23/02/2007,34.75
26/02/2007,34.52
27/02/2007,34.61
28/02/2007,34.61
01/03/2007,34.79
02/03/2007,34.8
05/03/2007,34.76
06/03/2007,34.82
07/03/2007,34.89
08/03/2007,34.85
09/03/2007,34.66
12/03/2007,34.6
13/03/2007,34.52
14/03/2007,34.55
15/03/2007,34.79
16/03/2007,34.76
19/03/2007,34.8
20/03/2007,34.82
21/03/2007,34.51
22/03/2007,34.62
23/03/2007,34.68
26/03/2007,34.51
27/03/2007,34.61
28/03/2007,34.63
29/03/2007,34.76
30/03/2007,34.65
02/04/2007,34.79
03/04/2007,34.84
04/04/2007,34.85
05/04/2007,34.8
09/04/2007,34.81
10/04/2007,34.55
11/04/2007,34.49
12/04/2007,34.23
13/04/2007,34.27
16/04/2007,34.26
17/04/2007,33.83
18/04/2007,33.65
19/04/2007,33.6
20/04/2007,33.38
23/04/2007,33.34
24/04/2007,33.06
25/04/2007,33.01
26/04/2007,32.91
27/04/2007,32.48
30/04/2007,32.16
02/05/2007,31.74
03/05/2007,31.39
04/05/2007,31.04
07/05/2007,30.76
08/05/2007,30.56
09/05/2007,30.52
10/05/2007,29.58
11/05/2007,29.12
14/05/2007,28.95
15/05/2007,28.51
16/05/2007,28.44
17/05/2007,28.15
18/05/2007,27.78
21/05/2007,27.24
22/05/2007,27.27
23/05/2007,27.06
24/05/2007,26.78
25/05/2007,26.97
28/05/2007,26.71
29/05/2007,26.63
30/05/2007,26.55
31/05/2007,26.53
01/06/2007,26.35
04/06/2007,26.34
05/06/2007,26.19
06/06/2007,26.15
08/06/2007,25.82
11/06/2007,25.53
12/06/2007,25.35
13/06/2007,25.19
14/06/2007,25.08
15/06/2007,24.82
18/06/2007,24.53
19/06/2007,24.36
20/06/2007,24.3
21/06/2007,24.27
22/06/2007,24.22
25/06/2007,24.21
26/06/2007,24.15
27/06/2007,23.95
28/06/2007,23.94
29/06/2007,23.96
02/07/2007,23.93
03/07/2007,24
04/07/2007,23.89
05/07/2007,23.92
06/07/2007,23.96
10/07/2007,24.04
11/07/2007,24.09
12/07/2007,24.15
13/07/2007,24.13
16/07/2007,24.19
17/07/2007,24.57
18/07/2007,24.58
19/07/2007,24.55
20/07/2007,24.55
23/07/2007,24.54
24/07/2007,24.58
25/07/2007,24.62
26/07/2007,24.64
27/07/2007,24.81
30/07/2007,25.08
31/07/2007,25.18
01/08/2007,25.19
02/08/2007,25.23
03/08/2007,25.26
06/08/2007,25.43
07/08/2007,25.5
08/08/2007,25.5
09/08/2007,25.46
10/08/2007,25.5
13/08/2007,25.4
14/08/2007,25.24
15/08/2007,25.17
16/08/2007,25.15
17/08/2007,25.04
20/08/2007,24.85
21/08/2007,24.79
22/08/2007,24.82
23/08/2007,24.95
24/08/2007,25.02
27/08/2007,25.08
28/08/2007,25.15
29/08/2007,25.13
30/08/2007,25.03
31/08/2007,25.17
03/09/2007,25.19
04/09/2007,25.21
05/09/2007,25.35
06/09/2007,25.37
10/09/2007,25.41
11/09/2007,25.27
12/09/2007,25.27
13/09/2007,25.35
14/09/2007,25.31
17/09/2007,25.21
18/09/2007,25.25
19/09/2007,25.13
20/09/2007,25.1
21/09/2007,25.1
24/09/2007,24.94
25/09/2007,24.78
26/09/2007,24.7
27/09/2007,24.7
28/09/2007,24.52
01/10/2007,24.39
02/10/2007,24.48
03/10/2007,24.31
04/10/2007,24.11
05/10/2007,23.85
08/10/2007,23.99
09/10/2007,23.92
10/10/2007,23.97
11/10/2007,23.96
15/10/2007,23.94
16/10/2007,23.69
17/10/2007,23.77
18/10/2007,23.75
19/10/2007,23.75
22/10/2007,23.81
23/10/2007,23.8
24/10/2007,23.81
25/10/2007,23.73
26/10/2007,23.61
29/10/2007,23.6
30/10/2007,23.43
31/10/2007,23.46
01/11/2007,23.59
05/11/2007,23.39
06/11/2007,23.35
07/11/2007,23.25
08/11/2007,23.27
09/11/2007,23.19
12/11/2007,23.32
13/11/2007,23.01
14/11/2007,23.03
16/11/2007,23.08
19/11/2007,23.13
20/11/2007,23.1
21/11/2007,23.21
22/11/2007,23.21
23/11/2007,23.15
26/11/2007,23.17
27/11/2007,23.26
28/11/2007,23.32
29/11/2007,23.31
30/11/2007,23.3
03/12/2007,23.44
04/12/2007,23.45
05/12/2007,23.45
06/12/2007,23.36
07/12/2007,23.46
10/12/2007,23.51
11/12/2007,23.5
12/12/2007,23.52
13/12/2007,23.67
14/12/2007,23.74
17/12/2007,23.61
18/12/2007,23.6
19/12/2007,23.71
20/12/2007,23.77
21/12/2007,23.77
26/12/2007,23.91
27/12/2007,23.88
28/12/2007,23.88
02/01/2008,24.1
03/01/2008,24.11
04/01/2008,24.14
07/01/2008,24.34
08/01/2008,24.27
09/01/2008,24.35
10/01/2008,24.36
11/01/2008,24.51
14/01/2008,24.77
15/01/2008,24.8
16/01/2008,25.01
17/01/2008,25.22
18/01/2008,25.18
21/01/2008,25.39
22/01/2008,25.76
23/01/2008,25.71
24/01/2008,25.69
25/01/2008,25.75
28/01/2008,25.88
29/01/2008,25.81
30/01/2008,25.84
31/01/2008,25.8
01/02/2008,26.01
06/02/2008,26.03
07/02/2008,26.04
08/02/2008,25.92
11/02/2008,26.03
12/02/2008,26.07
13/02/2008,26
14/02/2008,26.11
15/02/2008,26.05
18/02/2008,26.07
19/02/2008,26.05
20/02/2008,26.13
21/02/2008,26.35
22/02/2008,26.42
25/02/2008,26.31
26/02/2008,26.54
27/02/2008,26.47
28/02/2008,26.55
29/02/2008,26.67
03/03/2008,26.73
04/03/2008,26.78
05/03/2008,26.79
06/03/2008,27.08
07/03/2008,27.06
10/03/2008,27.19
11/03/2008,27.13
12/03/2008,27.22
13/03/2008,27.18
14/03/2008,27.38
17/03/2008,27.34
18/03/2008,27.57
19/03/2008,27.66
20/03/2008,27.68
24/03/2008,27.88
25/03/2008,27.73
26/03/2008,27.89
27/03/2008,28.1
28/03/2008,28.03
31/03/2008,28.29
01/04/2008,28.12
02/04/2008,28
03/04/2008,28.16
04/04/2008,28.11
07/04/2008,28.39
08/04/2008,28.29
09/04/2008,28.19
10/04/2008,28.06
11/04/2008,28.21
14/04/2008,28.28
15/04/2008,28.31
16/04/2008,28.29
17/04/2008,28.38
18/04/2008,28.26
22/04/2008,28.18
23/04/2008,27.98
24/04/2008,27.89
25/04/2008,27.97
28/04/2008,27.85
29/04/2008,27.74
30/04/2008,27.68
02/05/2008,27.49
05/05/2008,27.54
06/05/2008,27.4
07/05/2008,27.31
08/05/2008,27.12
09/05/2008,26.88
12/05/2008,26.75
13/05/2008,26.75
14/05/2008,26.73
15/05/2008,26.51
16/05/2008,26.5
19/05/2008,26.58
20/05/2008,26.57
21/05/2008,26.5
23/05/2008,26.44
26/05/2008,26.46
27/05/2008,26.15
28/05/2008,26.14
29/05/2008,26.26
30/05/2008,26.14
02/06/2008,26.18
03/06/2008,26.25
04/06/2008,26.15
05/06/2008,26.23
06/06/2008,26.07
09/06/2008,26.15
10/06/2008,26.13
11/06/2008,26.14
12/06/2008,26.05
13/06/2008,26.09
16/06/2008,26.15
17/06/2008,26.27
18/06/2008,26.14
19/06/2008,26.06
20/06/2008,26.03
23/06/2008,26.06
24/06/2008,26.16
25/06/2008,26.21
26/06/2008,26.29
27/06/2008,26.22
30/06/2008,26.25
01/07/2008,26.15
02/07/2008,26.28
03/07/2008,26.34
04/07/2008,26.42
07/07/2008,26.69
08/07/2008,26.68
10/07/2008,26.85
11/07/2008,27.08
14/07/2008,27.09
15/07/2008,27.33
16/07/2008,27.45
17/07/2008,27.43
18/07/2008,27.44
21/07/2008,27.63
22/07/2008,27.78
23/07/2008,27.85
24/07/2008,27.75
25/07/2008,27.95
28/07/2008,27.89
29/07/2008,28.07
30/07/2008,28.16
31/07/2008,28.27
01/08/2008,28.26
04/08/2008,28.32
05/08/2008,28.32
06/08/2008,28.53
07/08/2008,28.55
08/08/2008,28.62
11/08/2008,28.8
12/08/2008,28.79
13/08/2008,28.79
14/08/2008,28.84
15/08/2008,28.75
18/08/2008,28.91
19/08/2008,29.07
20/08/2008,29.14
21/08/2008,29.39
22/08/2008,29.48
25/08/2008,29.37
26/08/2008,29.58
27/08/2008,29.86
28/08/2008,29.91
29/08/2008,29.94
01/09/2008,30.23
02/09/2008,30.3
03/09/2008,30.46
04/09/2008,30.61
05/09/2008,30.6
08/09/2008,30.7
09/09/2008,30.78
10/09/2008,30.89
11/09/2008,30.9
12/09/2008,30.93
15/09/2008,30.92
16/09/2008,30.92
17/09/2008,30.85
18/09/2008,30.97
19/09/2008,30.9
22/09/2008,30.94
23/09/2008,30.9
24/09/2008,30.95
25/09/2008,30.97
26/09/2008,31.07
29/09/2008,31.02
30/09/2008,31.1
01/10/2008,31.06
02/10/2008,31.08
03/10/2008,31.17
06/10/2008,31.13
07/10/2008,31.24
08/10/2008,31.27
09/10/2008,31.27
10/10/2008,31.17
13/10/2008,31.2
14/10/2008,31.15
15/10/2008,31.22
16/10/2008,31.23
17/10/2008,31.18
20/10/2008,31.27
21/10/2008,31.26
22/10/2008,31.2
23/10/2008,30.91
24/10/2008,30.92
27/10/2008,31.03
28/10/2008,31.06
29/10/2008,31
30/10/2008,30.94
31/10/2008,30.92
03/11/2008,30.87
04/11/2008,30.71
05/11/2008,30.63
06/11/2008,30.66
07/11/2008,30.7
10/11/2008,30.7
11/11/2008,30.64
12/11/2008,30.76
13/11/2008,30.79
14/11/2008,30.68
17/11/2008,30.71
18/11/2008,30.64
19/11/2008,30.78
20/11/2008,30.65
21/11/2008,30.73
24/11/2008,30.87
25/11/2008,30.85
26/11/2008,30.97
27/11/2008,30.78
28/11/2008,30.69
01/12/2008,30.78
02/12/2008,30.79
03/12/2008,30.73
04/12/2008,30.92
05/12/2008,30.95
08/12/2008,30.97
09/12/2008,31.14
10/12/2008,31.17
11/12/2008,31.29
12/12/2008,31.47
15/12/2008,31.59
16/12/2008,31.87
17/12/2008,32.02
18/12/2008,32.39
19/12/2008,32.58
22/12/2008,32.52
23/12/2008,32.74
26/12/2008,32.76
29/12/2008,32.86
30/12/2008,32.97
02/01/2009,33.04
06/01/2009,33.4
07/01/2009,33.53
08/01/2009,33.74
09/01/2009,33.8
12/01/2009,34.28
13/01/2009,34.68
14/01/2009,35.32
15/01/2009,35.71
16/01/2009,36.26
19/01/2009,37.35
20/01/2009,37.84
21/01/2009,38.32
22/01/2009,38.84
23/01/2009,39.13
26/01/2009,39.6
27/01/2009,39.97
28/01/2009,40.55
29/01/2009,40.89
30/01/2009,41.41
03/02/2009,42.54
04/02/2009,42.73
05/02/2009,42.91
06/02/2009,43.66
09/02/2009,43.91
10/02/2009,44.1
11/02/2009,44.31
12/02/2009,44.69
13/02/2009,45.07
16/02/2009,45.14
17/02/2009,45.81
18/02/2009,46.06
19/02/2009,46.27
20/02/2009,46.41
25/02/2009,46.51
26/02/2009,46.64
27/02/2009,46.92
02/03/2009,47.09
03/03/2009,47.46
04/03/2009,47.71
05/03/2009,47.67
06/03/2009,48.25
09/03/2009,48.6
11/03/2009,48.83
12/03/2009,48.99
13/03/2009,49.26
16/03/2009,49.26
17/03/2009,49.37
18/03/2009,49.32
19/03/2009,49.61
20/03/2009,49.48
23/03/2009,49.53
24/03/2009,49.02
25/03/2009,48.84
26/03/2009,47.35
27/03/2009,46.79
30/03/2009,46.89
31/03/2009,46.77
01/04/2009,46.82
02/04/2009,46.94
03/04/2009,47.07
06/04/2009,47.05
07/04/2009,47.18
08/04/2009,47.04
09/04/2009,46.79
13/04/2009,46.89
14/04/2009,46.9
15/04/2009,46.97
16/04/2009,46.75
17/04/2009,46.75
20/04/2009,46.21
22/04/2009,45.74
23/04/2009,45.84
24/04/2009,45.82
27/04/2009,45.7
28/04/2009,45.72
29/04/2009,45.79
30/04/2009,45.65
04/05/2009,45.58
05/05/2009,45.51
06/05/2009,45.51
07/05/2009,45.27
08/05/2009,45.19
11/05/2009,45
12/05/2009,44.7
13/05/2009,44.25
14/05/2009,44.14
18/05/2009,44.15
19/05/2009,44.12
20/05/2009,44.25
22/05/2009,44.46
25/05/2009,44.13
26/05/2009,44.14
27/05/2009,44.23
28/05/2009,44.19
29/05/2009,44.07
01/06/2009,43.96
02/06/2009,43.92
03/06/2009,43.61
04/06/2009,43.58
05/06/2009,43.75
08/06/2009,43.74
09/06/2009,42.83
12/06/2009,42.61
15/06/2009,42.22
16/06/2009,41.79
17/06/2009,41.87
18/06/2009,41.49
19/06/2009,41.01
22/06/2009,40.81
23/06/2009,41
24/06/2009,41
25/06/2009,41.12
26/06/2009,41.06
29/06/2009,41.03
30/06/2009,41.15
01/07/2009,41.11
02/07/2009,41.17
03/07/2009,41.24
06/07/2009,41.34
07/07/2009,41.49
08/07/2009,41.33
10/07/2009,41.02
13/07/2009,41.02
14/07/2009,41.22
15/07/2009,41.37
16/07/2009,41.35
17/07/2009,41.43
20/07/2009,41.23
21/07/2009,41.53
22/07/2009,41.75
23/07/2009,41.67
24/07/2009,41.73
27/07/2009,41.81
28/07/2009,41.74
29/07/2009,41.73
30/07/2009,41.81
31/07/2009,41.94
03/08/2009,42
04/08/2009,42.06
05/08/2009,42.19
06/08/2009,42.23
07/08/2009,42.33
10/08/2009,42.63
11/08/2009,42.87
12/08/2009,43.69
13/08/2009,43.97
14/08/2009,44.5
17/08/2009,44.91
18/08/2009,45.49
19/08/2009,45.65
20/08/2009,46.11
21/08/2009,46.93
24/08/2009,47.1
25/08/2009,48.18
26/08/2009,48.76
27/08/2009,50.32
28/08/2009,50.56
31/08/2009,51.55
01/09/2009,51.97
02/09/2009,53.11
03/09/2009,53.61
04/09/2009,53.87
08/09/2009,54.14
09/09/2009,54.5
10/09/2009,55.16
11/09/2009,55.25
14/09/2009,55.34
15/09/2009,55.73
16/09/2009,56
17/09/2009,56.21
18/09/2009,56.25
21/09/2009,56.53
22/09/2009,56.37
23/09/2009,56.54
24/09/2009,56.65
25/09/2009,56.93
28/09/2009,57.07
29/09/2009,57.06
30/09/2009,57.18
01/10/2009,57.04
02/10/2009,57.47
05/10/2009,57.27
06/10/2009,57.26
07/10/2009,57.53
08/10/2009,57.5
09/10/2009,57.05
13/10/2009,57.35
14/10/2009,56.82
15/10/2009,57.06
16/10/2009,57.12
19/10/2009,57.17
20/10/2009,57.29
21/10/2009,57.51
22/10/2009,57.64
23/10/2009,57.51
26/10/2009,57.1
27/10/2009,57.23
28/10/2009,57.15
29/10/2009,57.27
30/10/2009,57.44
03/11/2009,57.28
04/11/2009,57.47
05/11/2009,57.3
06/11/2009,57.03
09/11/2009,57.05
10/11/2009,56.53
11/11/2009,56.72
12/11/2009,56.72
13/11/2009,56.74
16/11/2009,56.03
17/11/2009,55.88
18/11/2009,55.78
19/11/2009,55.59
20/11/2009,55.38
23/11/2009,55.42
24/11/2009,55.59
25/11/2009,55.2
26/11/2009,55.52
27/11/2009,55.49
30/11/2009,55.47
01/12/2009,55.71
02/12/2009,55.6
03/12/2009,55.74
04/12/2009,56.01
07/12/2009,56.24
08/12/2009,56.42
09/12/2009,56.66
10/12/2009,56.97
11/12/2009,57.35
14/12/2009,57.87
15/12/2009,57.73
16/12/2009,58.13
17/12/2009,59.35
18/12/2009,59.6
21/12/2009,60.32
22/12/2009,61.21
23/12/2009,62.18
28/12/2009,63.4
29/12/2009,63.5
30/12/2009,64.51
04/01/2010,65.72
05/01/2010,66.64
06/01/2010,68.15
07/01/2010,69.58
08/01/2010,70.96
11/01/2010,71.06
12/01/2010,71.33
13/01/2010,71.02
14/01/2010,70.97
15/01/2010,71.55
18/01/2010,71.92
19/01/2010,71.51
20/01/2010,71.46
21/01/2010,72
22/01/2010,72.07
25/01/2010,72.21
26/01/2010,72.19
27/01/2010,71.99
28/01/2010,72.01
29/01/2010,72.28
01/02/2010,72.14
02/02/2010,72.45
03/02/2010,72.12
04/02/2010,72.16
05/02/2010,72.48
08/02/2010,72.54
09/02/2010,72.45
10/02/2010,72.48
11/02/2010,72.47
12/02/2010,72.52
17/02/2010,72.74
18/02/2010,72.58
19/02/2010,72.85
22/02/2010,72.43
23/02/2010,72.46
24/02/2010,72.48
25/02/2010,72.8
26/02/2010,72.72
01/03/2010,72.62
02/03/2010,72.49
03/03/2010,72.31
04/03/2010,71.94
05/03/2010,71.73
08/03/2010,71.12
09/03/2010,70.77
10/03/2010,69.54
11/03/2010,70
12/03/2010,69.24
15/03/2010,69.48
16/03/2010,69.37
17/03/2010,69.21
18/03/2010,69.23
19/03/2010,69.25
22/03/2010,68.63
23/03/2010,68.06
24/03/2010,68.2
25/03/2010,68.46
26/03/2010,67.56
29/03/2010,67.14
30/03/2010,66.86
31/03/2010,67.1
01/04/2010,67.19
05/04/2010,66.66
06/04/2010,67.5
07/04/2010,67.42
08/04/2010,68.02
09/04/2010,67.69
12/04/2010,67.37
13/04/2010,67.27
14/04/2010,66.95
15/04/2010,66.25
16/04/2010,66.06
19/04/2010,65.21
20/04/2010,62.75
22/04/2010,62.43
23/04/2010,61.91
26/04/2010,58.21
27/04/2010,57.73
28/04/2010,57.36
29/04/2010,55.05
30/04/2010,54.13
03/05/2010,52.41
04/05/2010,51.42
05/05/2010,49.47
06/05/2010,48.18
07/05/2010,47.39
10/05/2010,46.07
11/05/2010,43.43
12/05/2010,43.07
13/05/2010,42.53
14/05/2010,42.29
17/05/2010,41.71
18/05/2010,41.4
19/05/2010,40.81
20/05/2010,40.66
21/05/2010,40.7
24/05/2010,41.04
25/05/2010,41.25
26/05/2010,41.3
27/05/2010,41.23
28/05/2010,41.4
31/05/2010,41.25
01/06/2010,40.92
02/06/2010,40.61
04/06/2010,40.32
07/06/2010,40.51
08/06/2010,40.8
09/06/2010,40.51
10/06/2010,40.68
11/06/2010,40.43
14/06/2010,40
15/06/2010,40.21
16/06/2010,40.41
17/06/2010,40.41
18/06/2010,40.33
21/06/2010,40.29
22/06/2010,40.27
23/06/2010,40.3
24/06/2010,40.41
25/06/2010,40.34
28/06/2010,40.48
29/06/2010,40.07
30/06/2010,40.21
01/07/2010,40.19
02/07/2010,40.24
05/07/2010,40.34
06/07/2010,39.99
07/07/2010,40.3
08/07/2010,40.14
12/07/2010,40.22
13/07/2010,40.22
14/07/2010,40.33
15/07/2010,40.49
16/07/2010,40.65
19/07/2010,40.9
20/07/2010,41.05
21/07/2010,41.11
22/07/2010,41.21
23/07/2010,41.13
26/07/2010,41.14
27/07/2010,41.55
28/07/2010,42.07
30/07/2010,43.11
02/08/2010,42.99
03/08/2010,43.46
04/08/2010,44.46
05/08/2010,44.5
06/08/2010,44.58
09/08/2010,44.54
10/08/2010,44.75
11/08/2010,44.81
12/08/2010,45.52
13/08/2010,45.74
16/08/2010,46.79
17/08/2010,47.04
18/08/2010,47.13
19/08/2010,47.58
20/08/2010,47.77
24/08/2010,47.97
26/08/2010,48.58
27/08/2010,48.5
30/08/2010,48.78
31/08/2010,49.4
01/09/2010,49.78
02/09/2010,50.05
03/09/2010,50.54
06/09/2010,50.77
08/09/2010,51.1
09/09/2010,51.46
10/09/2010,51.92
13/09/2010,52.84
14/09/2010,54.97
15/09/2010,55.71
16/09/2010,56.67
17/09/2010,57.67
20/09/2010,58.61
21/09/2010,59.21
22/09/2010,60.45
23/09/2010,61.44
24/09/2010,62.19
27/09/2010,63.22
28/09/2010,64.45
29/09/2010,65.7
30/09/2010,66.31
01/10/2010,67.29
04/10/2010,67.72
05/10/2010,68.43
06/10/2010,69.3
07/10/2010,70.22
08/10/2010,71.42
11/10/2010,71.38
13/10/2010,71.5
14/10/2010,71.6
15/10/2010,71.94
18/10/2010,72.32
19/10/2010,72.35
20/10/2010,72.48
21/10/2010,72.65
22/10/2010,73.24
25/10/2010,73.61
26/10/2010,73.57
27/10/2010,73.72
28/10/2010,74.41
29/10/2010,74.48
01/11/2010,74.56
03/11/2010,74.6
04/11/2010,74.21
05/11/2010,74.76
08/11/2010,75.91
09/11/2010,75.02
10/11/2010,75.8
11/11/2010,76.14
12/11/2010,75.04
16/11/2010,75.03
17/11/2010,75.12
18/11/2010,75.54
19/11/2010,74.8
22/11/2010,74.62
23/11/2010,74.89
24/11/2010,75.45
25/11/2010,76.04
26/11/2010,76.11
29/11/2010,75.52
30/11/2010,75.56
01/12/2010,75.61
02/12/2010,74.81
03/12/2010,75.49
06/12/2010,75.84
07/12/2010,76.12
08/12/2010,75.13
10/12/2010,74.88
13/12/2010,74.63
14/12/2010,74.91
15/12/2010,75.06
16/12/2010,74.7
17/12/2010,75.25
20/12/2010,75.6
21/12/2010,75.59
22/12/2010,76.2
23/12/2010,75.84
27/12/2010,75.96
28/12/2010,76.22
29/12/2010,76.4
30/12/2010,76.32
03/01/2011,76.42
04/01/2011,76.19
05/01/2011,76.3
06/01/2011,75.79
10/01/2011,76.23
11/01/2011,76.01
12/01/2011,76.45
13/01/2011,76.49
17/01/2011,76.11
18/01/2011,76.34
19/01/2011,76.54
20/01/2011,76.98
24/01/2011,76.5
25/01/2011,76.05
26/01/2011,76.61
27/01/2011,76.07
28/01/2011,76.23
31/01/2011,75.91
01/02/2011,76.51
02/02/2011,76.86
03/02/2011,76.96
04/02/2011,76.97
07/02/2011,75.95
08/02/2011,76.57
09/02/2011,75.76
10/02/2011,75.08
11/02/2011,75.87
14/02/2011,75.59
15/02/2011,75.32
16/02/2011,74.82
17/02/2011,74.87
18/02/2011,74.56
21/02/2011,74.36
22/02/2011,74.34
23/02/2011,73.82
24/02/2011,72.67
28/02/2011,72.91
01/03/2011,72.92
02/03/2011,73.61
03/03/2011,72.93
04/03/2011,72.73
09/03/2011,72.3
10/03/2011,72.17
11/03/2011,71.72
14/03/2011,71.21
15/03/2011,70.78
16/03/2011,70.63
17/03/2011,70.21
18/03/2011,70.3
21/03/2011,69.8
22/03/2011,69.56
23/03/2011,69.91
24/03/2011,69.83
25/03/2011,69.45
28/03/2011,68.47
29/03/2011,68.17
30/03/2011,67.29
31/03/2011,67.68
01/04/2011,67.77
04/04/2011,67.12
05/04/2011,67.9
06/04/2011,67.72
07/04/2011,67.23
08/04/2011,67.17
11/04/2011,66.97
12/04/2011,66.68
13/04/2011,66.95
14/04/2011,66.41
15/04/2011,66.43
18/04/2011,66
19/04/2011,65.62
20/04/2011,65.78
25/04/2011,65.25
26/04/2011,65.08
27/04/2011,64.6
28/04/2011,64.09
29/04/2011,63.79
02/05/2011,63.62
03/05/2011,63.68
04/05/2011,63.7
05/05/2011,63.29
06/05/2011,62.88
09/05/2011,61.63
10/05/2011,61.35
11/05/2011,61.83
12/05/2011,61.65
13/05/2011,61
16/05/2011,60.64
17/05/2011,59.81
18/05/2011,59.73
19/05/2011,59.8
20/05/2011,58.21
23/05/2011,57.3
24/05/2011,56.52
25/05/2011,56.19
26/05/2011,56.21
27/05/2011,55.29
30/05/2011,54.86
31/05/2011,54.79
01/06/2011,54.65
02/06/2011,54.65
03/06/2011,53.83
06/06/2011,53.74
07/06/2011,53.71
08/06/2011,53.9
09/06/2011,54
10/06/2011,54.24
13/06/2011,54.18
14/06/2011,54.4
15/06/2011,54.67
16/06/2011,54.84
17/06/2011,54.92
20/06/2011,55.03
21/06/2011,55.39
22/06/2011,55.68
24/06/2011,55.85
27/06/2011,55.89
28/06/2011,56.35
29/06/2011,56.49
30/06/2011,56.78
01/07/2011,57
04/07/2011,57.84
05/07/2011,58.31
06/07/2011,58.74
07/07/2011,60.08
08/07/2011,60.9
11/07/2011,61.67
12/07/2011,63.3
13/07/2011,63.56
14/07/2011,64.8
15/07/2011,65.08
18/07/2011,65.49
19/07/2011,66.2
20/07/2011,67.34
21/07/2011,67.92
22/07/2011,68.38
25/07/2011,68.5
26/07/2011,68.53
27/07/2011,68.73
28/07/2011,69.03
29/07/2011,69.61
01/08/2011,69.73
02/08/2011,70.01
03/08/2011,69.11
04/08/2011,69.22
05/08/2011,69.18
08/08/2011,68.9
09/08/2011,68.95
10/08/2011,68.82
11/08/2011,68.75
12/08/2011,68.78
15/08/2011,68.79
16/08/2011,68.18
17/08/2011,67.67
18/08/2011,67.97
19/08/2011,68.08
22/08/2011,68.47
23/08/2011,68.17
24/08/2011,67.61
25/08/2011,67.79
26/08/2011,67.59
29/08/2011,67.89
30/08/2011,67.94
31/08/2011,67.65
01/09/2011,67.46
02/09/2011,67.44
05/09/2011,67.04
06/09/2011,67.02
08/09/2011,66.98
09/09/2011,66.35
12/09/2011,66
13/09/2011,66.05
14/09/2011,65.91
15/09/2011,65.24
16/09/2011,65.23
19/09/2011,65.69
20/09/2011,65.56
21/09/2011,65.27
22/09/2011,64.5
23/09/2011,63.14
26/09/2011,63.7
27/09/2011,63.01
28/09/2011,62.49
29/09/2011,62.52
30/09/2011,62.72
03/10/2011,62.76
04/10/2011,62.69
05/10/2011,62.57
06/10/2011,62.21
07/10/2011,62.21
10/10/2011,62.3
11/10/2011,62.04
13/10/2011,61.68
14/10/2011,62.33
17/10/2011,62.38
18/10/2011,62.66
19/10/2011,62.92
20/10/2011,62.7
21/10/2011,63.47
24/10/2011,63.19
25/10/2011,63
26/10/2011,63.28
27/10/2011,63.54
28/10/2011,63.18
31/10/2011,63.4
01/11/2011,63.15
03/11/2011,63.12
04/11/2011,63.54
07/11/2011,63.26
08/11/2011,63.01
09/11/2011,63.52
10/11/2011,64.12
11/11/2011,64.46
14/11/2011,64.58
16/11/2011,64.66
17/11/2011,64.2
18/11/2011,63.85
21/11/2011,64.02
22/11/2011,63.94
23/11/2011,63.98
24/11/2011,64.17
25/11/2011,63.99
28/11/2011,64.12
29/11/2011,64.22
30/11/2011,64.35
01/12/2011,64.22
02/12/2011,63.92
05/12/2011,64.18
06/12/2011,63.94
07/12/2011,63.66
08/12/2011,64.11
09/12/2011,63.76
12/12/2011,63.72
13/12/2011,63.93
14/12/2011,63.52
15/12/2011,63.83
16/12/2011,63.48
19/12/2011,63.62
20/12/2011,63.6
21/12/2011,63.19
22/12/2011,62.87
23/12/2011,62.79
26/12/2011,63.09
27/12/2011,63
28/12/2011,63.23
29/12/2011,63.39
02/01/2012,63.17
03/01/2012,63.21
04/01/2012,63.38
05/01/2012,62.96
06/01/2012,62.9
09/01/2012,62.28
10/01/2012,62.35
11/01/2012,62.48
12/01/2012,62.44
13/01/2012,62.07
16/01/2012,61.6
17/01/2012,61.25
18/01/2012,61.21
19/01/2012,61.32
20/01/2012,61.42
23/01/2012,61.44
24/01/2012,61.19
25/01/2012,61.5
26/01/2012,61.68
27/01/2012,61.69
30/01/2012,61.72
31/01/2012,61.56
01/02/2012,61.31
02/02/2012,61.33
03/02/2012,61.34
06/02/2012,60.25
07/02/2012,59.95
08/02/2012,59.59
09/02/2012,59.48
10/02/2012,59.07
13/02/2012,58.87
14/02/2012,58.47
15/02/2012,58.46
16/02/2012,58.45
17/02/2012,58.41
22/02/2012,58.4
23/02/2012,58.23
24/02/2012,58.15
27/02/2012,57.9
28/02/2012,57.69
29/02/2012,57.52
01/03/2012,57.67
02/03/2012,57.55
05/03/2012,57.45
06/03/2012,57.38
07/03/2012,57.24
08/03/2012,57.49
09/03/2012,57.53
12/03/2012,57.35
13/03/2012,57.01
14/03/2012,56.76
15/03/2012,56.8
16/03/2012,56.78
19/03/2012,56.8
20/03/2012,56.87
21/03/2012,57.01
22/03/2012,57.21
23/03/2012,57.47
26/03/2012,57.56
27/03/2012,57.57
28/03/2012,57.8
29/03/2012,58.08
30/03/2012,58.11
02/04/2012,58.29
03/04/2012,58.23
04/04/2012,58.24
05/04/2012,58.37
09/04/2012,58.53
10/04/2012,58.67
11/04/2012,58.59
12/04/2012,58.26
13/04/2012,57.26
16/04/2012,56.73
17/04/2012,56.5
18/04/2012,56.23
19/04/2012,55.57
20/04/2012,55.06
23/04/2012,54.68
24/04/2012,54.39
25/04/2012,54.31
26/04/2012,53.94
27/04/2012,53.47
30/04/2012,53.44
02/05/2012,53.15
03/05/2012,53.35
04/05/2012,53.54
07/05/2012,53.85
08/05/2012,54.04
09/05/2012,54.3
10/05/2012,54.25
11/05/2012,54.35
14/05/2012,54.57
15/05/2012,54.73
16/05/2012,54.97
17/05/2012,55
18/05/2012,55.02
21/05/2012,55.11
22/05/2012,55.19
23/05/2012,54.95
24/05/2012,54.98
25/05/2012,55.07
28/05/2012,54.97
29/05/2012,55.05
30/05/2012,55.06
31/05/2012,55.29
01/06/2012,55.41
04/06/2012,55.01
05/06/2012,55.14
06/06/2012,54.73
08/06/2012,54.74
11/06/2012,55.09
12/06/2012,55.54
13/06/2012,55.45
14/06/2012,55.26
15/06/2012,55.09
18/06/2012,55.04
19/06/2012,55.01
20/06/2012,54.89
21/06/2012,55.04
22/06/2012,55.24
25/06/2012,55.33
26/06/2012,54.96
27/06/2012,55.05
28/06/2012,55.23
29/06/2012,55.15
02/07/2012,55.47
03/07/2012,55.11
04/07/2012,54.88
05/07/2012,54.49
06/07/2012,54.35
10/07/2012,54.44
11/07/2012,54.87
12/07/2012,54.79
13/07/2012,55.32
16/07/2012,56.22
17/07/2012,56.84
18/07/2012,57.11
19/07/2012,57.76
20/07/2012,58.52
23/07/2012,59.22
24/07/2012,59.27
25/07/2012,59.38
26/07/2012,59.4
27/07/2012,59.45
30/07/2012,59.74
31/07/2012,59.61
01/08/2012,59.35
02/08/2012,59.15
03/08/2012,59.02
06/08/2012,58.68
07/08/2012,58.31
08/08/2012,58.12
09/08/2012,58.18
10/08/2012,57.91
13/08/2012,57.92
14/08/2012,57.54
15/08/2012,56.16
16/08/2012,55.42
17/08/2012,55.13
20/08/2012,55.24
21/08/2012,54.66
22/08/2012,54.46
23/08/2012,54.08
24/08/2012,53.66
27/08/2012,53.42
28/08/2012,53.58
29/08/2012,53.45
30/08/2012,53.05
31/08/2012,53.34
03/09/2012,53.37
04/09/2012,52.48
05/09/2012,51.95
06/09/2012,51.58
10/09/2012,50.92
11/09/2012,50.47
12/09/2012,50.67
13/09/2012,50.56
14/09/2012,49.81
17/09/2012,49.47
18/09/2012,49.72
19/09/2012,49.86
20/09/2012,49.69
21/09/2012,48.77
24/09/2012,48.09
25/09/2012,47.78
26/09/2012,47.61
27/09/2012,47.12
28/09/2012,47.28
01/10/2012,46.99
02/10/2012,47.04
03/10/2012,47.41
04/10/2012,47.84
05/10/2012,48.95
08/10/2012,49.74
09/10/2012,49.79
10/10/2012,50.07
11/10/2012,50.88
15/10/2012,51.53
16/10/2012,51.9
17/10/2012,52.32
18/10/2012,52.26
19/10/2012,52.36
22/10/2012,52.33
23/10/2012,51.84
24/10/2012,52.36
25/10/2012,52.18
26/10/2012,51.51
29/10/2012,51.03
30/10/2012,51.18
31/10/2012,51.12
01/11/2012,50.82
05/11/2012,50.3
06/11/2012,50.41
07/11/2012,50.37
08/11/2012,49.73
09/11/2012,49.66
12/11/2012,49.73
13/11/2012,49.9
14/11/2012,50.25
16/11/2012,50.6
19/11/2012,50.75
20/11/2012,50.86
21/11/2012,50.65
22/11/2012,50.43
23/11/2012,50.46
26/11/2012,50.36
27/11/2012,50.02
28/11/2012,49.83
29/11/2012,49.46
30/11/2012,49.45
03/12/2012,49.49
04/12/2012,49.47
05/12/2012,49.36
06/12/2012,49.1
07/12/2012,48.74
10/12/2012,48.83
11/12/2012,48.72
12/12/2012,48.98
13/12/2012,48.82
14/12/2012,48.31
17/12/2012,48.6
18/12/2012,48.9
19/12/2012,48.92
20/12/2012,49.43
21/12/2012,49.14
26/12/2012,49.62
27/12/2012,49.45
28/12/2012,50.27
02/01/2013,49.4
03/01/2013,49.21
04/01/2013,49.31
07/01/2013,49.51
08/01/2013,49.21
09/01/2013,49.18
10/01/2013,49.84
11/01/2013,49.48
14/01/2013,49.19
15/01/2013,49.19
16/01/2013,48.85
17/01/2013,48.77
18/01/2013,48.6
21/01/2013,48.61
22/01/2013,48.35
23/01/2013,48.36
24/01/2013,48.33
25/01/2013,48.19
28/01/2013,48.02
29/01/2013,47.86
30/01/2013,48.01
31/01/2013,48.15
01/02/2013,48.41
04/02/2013,48.48
05/02/2013,47.93
06/02/2013,47.83
07/02/2013,47.88
08/02/2013,47.61
13/02/2013,47.88
14/02/2013,48.11
15/02/2013,47.88
18/02/2013,48.5
19/02/2013,48.02
20/02/2013,48.14
21/02/2013,47.95
22/02/2013,48.05
25/02/2013,47.77
26/02/2013,47.46
27/02/2013,47.71
28/02/2013,47.76
01/03/2013,47.74
04/03/2013,47.96
05/03/2013,47.94
06/03/2013,47.73
07/03/2013,47.42
08/03/2013,47.31
11/03/2013,47.69
12/03/2013,47.42
13/03/2013,45.44
14/03/2013,44.4
15/03/2013,43.57
18/03/2013,43.24
19/03/2013,42.96
20/03/2013,42.88
21/03/2013,42.69
22/03/2013,42.62
25/03/2013,42.77
26/03/2013,42.76
27/03/2013,43.2
28/03/2013,43.13
01/04/2013,43.09
02/04/2013,42.93
03/04/2013,42.94
04/04/2013,42.66
05/04/2013,42.52
08/04/2013,42.74
09/04/2013,42.56
10/04/2013,42.97
11/04/2013,43.07
12/04/2013,43.56
15/04/2013,44.14
16/04/2013,44.82
17/04/2013,45.14
18/04/2013,45.29
19/04/2013,45.26
22/04/2013,45.62
23/04/2013,45.71
24/04/2013,45.8
25/04/2013,45.55
26/04/2013,45.49
29/04/2013,45.29
30/04/2013,45.42
02/05/2013,45.07
03/05/2013,45.13
06/05/2013,45.49
07/05/2013,45.41
08/05/2013,45.41
09/05/2013,45.03
10/05/2013,45.03
13/05/2013,45.02
14/05/2013,44.69
15/05/2013,44.63
16/05/2013,44.45
17/05/2013,44.13
20/05/2013,43.94
21/05/2013,43.76
22/05/2013,43.74
23/05/2013,43.68
24/05/2013,43.83
27/05/2013,44.06
28/05/2013,44.19
29/05/2013,44.29
31/05/2013,44.51
03/06/2013,44.84
04/06/2013,44.41
05/06/2013,44.1
06/06/2013,44.23
07/06/2013,44.22
10/06/2013,44.1
11/06/2013,43.84
12/06/2013,43.87
13/06/2013,43.67
14/06/2013,43.42
17/06/2013,43.56
18/06/2013,43.73
19/06/2013,43.91
20/06/2013,44.12
21/06/2013,44.41
24/06/2013,44.57
25/06/2013,44.68
26/06/2013,44.8
27/06/2013,45.14
28/06/2013,45.03
01/07/2013,45.05
02/07/2013,45.19
03/07/2013,45.27
04/07/2013,45.29
05/07/2013,45.24
08/07/2013,45.25
10/07/2013,45.29
11/07/2013,44.86
12/07/2013,44.89
15/07/2013,44.47
16/07/2013,44.29
17/07/2013,44.07
18/07/2013,43.94
19/07/2013,43.98
22/07/2013,44
23/07/2013,44.05
24/07/2013,43.8
25/07/2013,44.12
26/07/2013,43.94
29/07/2013,43.88
30/07/2013,43.6
31/07/2013,44.03
01/08/2013,44.25
02/08/2013,44.31
05/08/2013,44.47
06/08/2013,44.06
07/08/2013,43.87
08/08/2013,43.27
09/08/2013,42.81
12/08/2013,42.57
13/08/2013,42.6
14/08/2013,42.79
15/08/2013,42.87
16/08/2013,43.06
19/08/2013,43.24
20/08/2013,43.3
21/08/2013,43.58
22/08/2013,43.64
23/08/2013,43.55
26/08/2013,43.7
27/08/2013,44.04
28/08/2013,44.05
29/08/2013,43.99
30/08/2013,43.99
02/09/2013,44.22
03/09/2013,44.42
04/09/2013,44.59
05/09/2013,44.48
06/09/2013,44.51
09/09/2013,44.68
10/09/2013,44.72
11/09/2013,44.78
12/09/2013,44.88
13/09/2013,44.84
16/09/2013,44.98
17/09/2013,45
18/09/2013,45.24
19/09/2013,45.57
20/09/2013,45.58
23/09/2013,46.01
24/09/2013,46.17
25/09/2013,46.53
26/09/2013,46.97
27/09/2013,46.93
30/09/2013,47.11
01/10/2013,47.49
02/10/2013,48.36
03/10/2013,48.39
04/10/2013,48.76
07/10/2013,49.39
08/10/2013,49.53
09/10/2013,49.64
10/10/2013,49.93
11/10/2013,49.97
14/10/2013,50.31
15/10/2013,50.15
16/10/2013,50.64
17/10/2013,50.96
18/10/2013,51.76
21/10/2013,52.01
22/10/2013,52.28
23/10/2013,52.47
24/10/2013,52.54
25/10/2013,52.62
28/10/2013,52.7
29/10/2013,52.65
30/10/2013,52.84
31/10/2013,52.45
01/11/2013,52.26
04/11/2013,52.48
05/11/2013,52.1
06/11/2013,51.85
07/11/2013,51.62
08/11/2013,51.54
11/11/2013,51.66
12/11/2013,51.86
13/11/2013,52.17
14/11/2013,52.21
18/11/2013,52.18
19/11/2013,51.98
21/11/2013,51.74
22/11/2013,51.87
25/11/2013,51.75
26/11/2013,51.84
27/11/2013,52.17
28/11/2013,52
29/11/2013,51.63
02/12/2013,51.72
03/12/2013,51.78
04/12/2013,51.71
05/12/2013,51.47
06/12/2013,51.25
09/12/2013,51.02
10/12/2013,51.08
11/12/2013,51.09
12/12/2013,51.21
13/12/2013,50.8
16/12/2013,50.78
17/12/2013,51.07
18/12/2013,50.41
19/12/2013,50.54
20/12/2013,50.58
23/12/2013,50.52
26/12/2013,50.92
27/12/2013,50.99
30/12/2013,51.23
02/01/2014,50.98
03/01/2014,51.27
06/01/2014,51.28
07/01/2014,51.01
08/01/2014,51.03
09/01/2014,50.93
10/01/2014,50.65
13/01/2014,50.63
14/01/2014,50.46
15/01/2014,50.21
16/01/2014,50.29
17/01/2014,49.67
20/01/2014,49.57
21/01/2014,49.62
22/01/2014,49.66
23/01/2014,49.72
24/01/2014,49.68
27/01/2014,49.77
28/01/2014,49.94
29/01/2014,50.18
30/01/2014,49.84
31/01/2014,49.95
03/02/2014,49.9
04/02/2014,49.83
05/02/2014,49.8
06/02/2014,49.94
07/02/2014,50.1
10/02/2014,50.16
11/02/2014,49.8
12/02/2014,50.07
13/02/2014,50.09
14/02/2014,49.56
17/02/2014,49.91
18/02/2014,50.22
19/02/2014,50.57
20/02/2014,50.4
21/02/2014,50.44
24/02/2014,50.93
25/02/2014,51.25
26/02/2014,51.45
27/02/2014,51.62
28/02/2014,51.49
05/03/2014,51.78
06/03/2014,51.79
07/03/2014,51.83
10/03/2014,51.99
11/03/2014,51.86
12/03/2014,51.74
13/03/2014,51.92
14/03/2014,51.78
17/03/2014,51.66
18/03/2014,51.89
19/03/2014,51.94
20/03/2014,51.96
21/03/2014,51.92
24/03/2014,52.04
25/03/2014,52.03
26/03/2014,51.54
27/03/2014,51.8
28/03/2014,51.95
31/03/2014,51.86
01/04/2014,51.76
02/04/2014,51.77
03/04/2014,52.08
04/04/2014,52.05
07/04/2014,51.9
08/04/2014,51.67
09/04/2014,51.64
10/04/2014,51.41
11/04/2014,51.28
14/04/2014,51.49
15/04/2014,51.31
16/04/2014,51.71
17/04/2014,51.77
22/04/2014,51.55
23/04/2014,51.79
24/04/2014,51.55
25/04/2014,52.05
28/04/2014,51.87
29/04/2014,51.78
30/04/2014,51.62
02/05/2014,51.54
05/05/2014,51.82
06/05/2014,51.95
07/05/2014,51.92
08/05/2014,51.76
09/05/2014,51.75
12/05/2014,51.73
13/05/2014,51.48
14/05/2014,51.28
15/05/2014,51.56
16/05/2014,51.6
19/05/2014,51.15
20/05/2014,51.37
21/05/2014,51.23
22/05/2014,51.37
23/05/2014,51.46
26/05/2014,51.73
27/05/2014,51.55
28/05/2014,51.49
29/05/2014,50.67
30/05/2014,50.97
02/06/2014,51.18
03/06/2014,50.79
04/06/2014,50.29
05/06/2014,50.1
06/06/2014,50.17
09/06/2014,49.9
10/06/2014,49.86
11/06/2014,49.76
13/06/2014,49.58
16/06/2014,49.13
17/06/2014,49.3
18/06/2014,49.02
20/06/2014,49.24
23/06/2014,48.8
24/06/2014,48.9
25/06/2014,48.45
26/06/2014,48.78
27/06/2014,49.01
30/06/2014,48.92
01/07/2014,48.42
02/07/2014,48.52
03/07/2014,48.64
04/07/2014,48.26
07/07/2014,47.99
08/07/2014,47.72
10/07/2014,47.97
11/07/2014,47.73
14/07/2014,47.21
15/07/2014,46.78
16/07/2014,46.44
17/07/2014,46.63
18/07/2014,46.68
21/07/2014,46.64
22/07/2014,46.33
23/07/2014,46.55
24/07/2014,46.5
25/07/2014,46.19
28/07/2014,46.29
29/07/2014,46.08
30/07/2014,45.92
31/07/2014,46.09
01/08/2014,46.03
04/08/2014,45.78
05/08/2014,45.8
06/08/2014,45.98
07/08/2014,45.55
08/08/2014,45.4
11/08/2014,45.52
12/08/2014,45.68
13/08/2014,45.39
14/08/2014,45.46
15/08/2014,45.63
18/08/2014,45.51
19/08/2014,45.3
20/08/2014,45.51
21/08/2014,45.57
22/08/2014,45.37
25/08/2014,45.54
26/08/2014,45.47
27/08/2014,45.38
28/08/2014,45.37
29/08/2014,45.11
01/09/2014,45.1
02/09/2014,45.24
03/09/2014,45.52
04/09/2014,45.13
05/09/2014,45.05
08/09/2014,45
09/09/2014,44.69
10/09/2014,44.71
11/09/2014,44.81
12/09/2014,44.4
15/09/2014,44.51
16/09/2014,44.29
17/09/2014,44.47
18/09/2014,44.24
19/09/2014,44.43
22/09/2014,44.24
23/09/2014,44.23
24/09/2014,44.11
25/09/2014,44.47
26/09/2014,44.83
29/09/2014,45.47
30/09/2014,45.57
01/10/2014,45.46
02/10/2014,45.91
03/10/2014,46.07
06/10/2014,46.43
07/10/2014,46.53
08/10/2014,46.68
09/10/2014,46.74
10/10/2014,46.79
13/10/2014,46.99
14/10/2014,47.22
15/10/2014,47.4
16/10/2014,47.68
17/10/2014,47.8
20/10/2014,48.04
21/10/2014,48.45
22/10/2014,48.57
23/10/2014,48.69
24/10/2014,48.64
27/10/2014,48.73
28/10/2014,49.17
29/10/2014,49.19
30/10/2014,49.18
31/10/2014,49.09
03/11/2014,49.46
04/11/2014,49.51
05/11/2014,49.44
06/11/2014,49.97
07/11/2014,50.22
10/11/2014,50.64
11/11/2014,50.8
12/11/2014,50.86
13/11/2014,50.72
14/11/2014,50.71
17/11/2014,51.2
18/11/2014,51.62
19/11/2014,51.6
21/11/2014,51.79
24/11/2014,51.86
25/11/2014,51.92
26/11/2014,51.99
27/11/2014,52.12
28/11/2014,52
01/12/2014,52.19
02/12/2014,51.97
03/12/2014,52.09
04/12/2014,52.24
05/12/2014,52.35
08/12/2014,52.21
09/12/2014,52.2
10/12/2014,52.45
11/12/2014,52.31
12/12/2014,52.05
15/12/2014,52.06
16/12/2014,51.96
17/12/2014,52.04
18/12/2014,52.15
19/12/2014,52.11
22/12/2014,52.08
23/12/2014,52.02
26/12/2014,51.8
29/12/2014,51.94
30/12/2014,52.11
02/01/2015,52.05
05/01/2015,51.85
06/01/2015,51.53
07/01/2015,51.28
08/01/2015,51.05
09/01/2015,51.11
12/01/2015,51.02
13/01/2015,50.73
14/01/2015,51.03
15/01/2015,50.56
16/01/2015,50.76
19/01/2015,50.49
20/01/2015,50.56
21/01/2015,50.91
22/01/2015,51.15
23/01/2015,51.08
26/01/2015,51.17
27/01/2015,50.91
28/01/2015,50.87
29/01/2015,50.88
30/01/2015,51
02/02/2015,50.56
03/02/2015,50.66
04/02/2015,50.42
05/02/2015,50.14
06/02/2015,49.99
09/02/2015,50.01
10/02/2015,49.89
11/02/2015,49.92
12/02/2015,49.97
13/02/2015,50.18
18/02/2015,49.99
19/02/2015,50.16
20/02/2015,50
23/02/2015,50.26
24/02/2015,49.97
25/02/2015,50.02
26/02/2015,49.94
27/02/2015,49.92
02/03/2015,50.4
03/03/2015,50.54
04/03/2015,50.55
05/03/2015,50.31
06/03/2015,50.5
09/03/2015,50.83
10/03/2015,50.99
11/03/2015,51.25
12/03/2015,51.22
13/03/2015,51.23
16/03/2015,51.44
17/03/2015,51.05
18/03/2015,51.02
19/03/2015,51.17
20/03/2015,51.28
23/03/2015,51.06
24/03/2015,50.91
25/03/2015,50.97
26/03/2015,50.94
27/03/2015,51.17
30/03/2015,51.19
31/03/2015,51.32
01/04/2015,51.59
02/04/2015,51.7
06/04/2015,51.8
07/04/2015,52.02
08/04/2015,51.56
09/04/2015,51.5
10/04/2015,51.57
13/04/2015,51.4
14/04/2015,51.44
15/04/2015,51.57
16/04/2015,51.41
17/04/2015,51.19
20/04/2015,51.52
22/04/2015,51.55
23/04/2015,51.66
24/04/2015,51.73
27/04/2015,51.56
28/04/2015,51.73
29/04/2015,51.54
30/04/2015,51.44
04/05/2015,51.54
05/05/2015,51.46
06/05/2015,51.47
07/05/2015,51.26
08/05/2015,51.13
11/05/2015,51.4
12/05/2015,51.46
13/05/2015,51.34
14/05/2015,51.47
15/05/2015,51.58
18/05/2015,51.38
19/05/2015,51.7
20/05/2015,51.65
21/05/2015,51.38
22/05/2015,51.08
25/05/2015,51.05
26/05/2015,50.75
27/05/2015,50.46
28/05/2015,50.29
29/05/2015,50.05
01/06/2015,50.01
02/06/2015,50.07
03/06/2015,50.21
05/06/2015,50.43
08/06/2015,50.68
09/06/2015,50.74
10/06/2015,50.48
11/06/2015,50.24
12/06/2015,49.9
15/06/2015,49.6
16/06/2015,49.22
17/06/2015,48.9
18/06/2015,48.15
19/06/2015,47.92
22/06/2015,47.78
23/06/2015,47.71
24/06/2015,47.55
25/06/2015,47.52
26/06/2015,47.67
29/06/2015,47.59
30/06/2015,47.34
01/07/2015,47.15
02/07/2015,47.28
03/07/2015,47.54
06/07/2015,47.55
07/07/2015,47.84
08/07/2015,47.84
10/07/2015,48.13
13/07/2015,48.49
14/07/2015,48.52
15/07/2015,48.48
16/07/2015,48.42
17/07/2015,48.46
20/07/2015,48.51
21/07/2015,48.36
22/07/2015,47.9
23/07/2015,47.69
24/07/2015,47.61
27/07/2015,47.49
28/07/2015,47.45
29/07/2015,47.2
30/07/2015,47.37
31/07/2015,47.35
03/08/2015,47.13
04/08/2015,47.03
05/08/2015,47.12
06/08/2015,46.77
07/08/2015,46.67
10/08/2015,46.49
11/08/2015,46.26
12/08/2015,46.55
13/08/2015,46.78
14/08/2015,46.95
17/08/2015,46.9
18/08/2015,46.85
19/08/2015,46.91
20/08/2015,47.11
21/08/2015,46.99
24/08/2015,47.06
25/08/2015,46.85
26/08/2015,46.99
27/08/2015,47.22
28/08/2015,47.25
31/08/2015,47.12
01/09/2015,47.4
02/09/2015,47.74
03/09/2015,48.1
04/09/2015,48.41
08/09/2015,48.83
09/09/2015,49.45
10/09/2015,49.94
11/09/2015,50.42
14/09/2015,50.65
15/09/2015,50.75
16/09/2015,51.09
17/09/2015,51.39
18/09/2015,51.85
21/09/2015,52.28
22/09/2015,52.46
23/09/2015,52.81
24/09/2015,52.91
25/09/2015,53.28
28/09/2015,53.8
29/09/2015,54.37
30/09/2015,54.42
01/10/2015,55.82
02/10/2015,56.21
05/10/2015,57.14
06/10/2015,58.43
07/10/2015,59.81
08/10/2015,60.75
09/10/2015,61.42
13/10/2015,62.57
14/10/2015,63.89
15/10/2015,64.49
16/10/2015,65.33
19/10/2015,65.44
20/10/2015,67.06
21/10/2015,68.05
22/10/2015,68.36
23/10/2015,69.58
26/10/2015,70.84
27/10/2015,71.24
28/10/2015,72.13
29/10/2015,72.57
30/10/2015,73.46
03/11/2015,73.74
04/11/2015,73.93
05/11/2015,74.53
06/11/2015,74.92
09/11/2015,75.02
10/11/2015,75.54
11/11/2015,75.97
12/11/2015,75.99
13/11/2015,76.57
16/11/2015,76.98
17/11/2015,77.15
18/11/2015,77.03
19/11/2015,77.38
23/11/2015,77.52
24/11/2015,77.67
25/11/2015,77.87
26/11/2015,77.91
27/11/2015,78.31
30/11/2015,78.41
01/12/2015,78.49
02/12/2015,78.5
03/12/2015,78.67
04/12/2015,79.18
07/12/2015,79.52
08/12/2015,79.61
09/12/2015,79.74
10/12/2015,79.85
11/12/2015,80.19
14/12/2015,80.75
15/12/2015,81.04
16/12/2015,81.38
17/12/2015,81.33
18/12/2015,81.69
21/12/2015,81.58
22/12/2015,81.64
23/12/2015,81.77
28/12/2015,81.94
29/12/2015,82.27
30/12/2015,82.16
04/01/2016,82.64
05/01/2016,83.07
06/01/2016,82.76
07/01/2016,82.95
08/01/2016,82.92
11/01/2016,83.49
12/01/2016,84.03
13/01/2016,84.43
14/01/2016,83.99
15/01/2016,84.48
18/01/2016,84.58
19/01/2016,84.49
20/01/2016,84.6
21/01/2016,84.74
22/01/2016,84.47
25/01/2016,84.15
26/01/2016,83.33
27/01/2016,82.99
28/01/2016,83.44
29/01/2016,83.35
01/02/2016,83.01
02/02/2016,82.5
03/02/2016,82.38
04/02/2016,82.21
05/02/2016,82.3
10/02/2016,82.02
11/02/2016,81.81
12/02/2016,81.59
15/02/2016,81.38
16/02/2016,81.37
17/02/2016,80.72
18/02/2016,80.78
19/02/2016,80.77
22/02/2016,81.02
23/02/2016,80.8
24/02/2016,80.13
25/02/2016,79.72
26/02/2016,79.86
29/02/2016,79.43
01/03/2016,78.99
02/03/2016,78.89
03/03/2016,78.61
04/03/2016,78.45
07/03/2016,78.27
08/03/2016,78.21
09/03/2016,78.07
10/03/2016,78.29
11/03/2016,77.78
14/03/2016,77.91
15/03/2016,77.6
16/03/2016,76.95
17/03/2016,76.57
18/03/2016,76.29
21/03/2016,76.66
22/03/2016,76.52
23/03/2016,76.34
24/03/2016,76.82
28/03/2016,76.84
29/03/2016,76.7
30/03/2016,76.68
31/03/2016,76.64
01/04/2016,76.64
04/04/2016,76.42
05/04/2016,76.53
06/04/2016,76.17
07/04/2016,76.28
08/04/2016,76.08
11/04/2016,75.66
12/04/2016,75.9
13/04/2016,75.88
14/04/2016,75.6
15/04/2016,75.88
18/04/2016,76.46
19/04/2016,76
20/04/2016,75.61
22/04/2016,75.85
25/04/2016,76.25
26/04/2016,76.21
27/04/2016,75.87
28/04/2016,75.43
29/04/2016,75.18
02/05/2016,75.46
03/05/2016,74.86
04/05/2016,75.15
05/05/2016,75.13
06/05/2016,75.32
09/05/2016,75.5
10/05/2016,75.22
11/05/2016,75.23
12/05/2016,75.13
13/05/2016,74.88
16/05/2016,75.43
17/05/2016,75.44
18/05/2016,75.72
19/05/2016,75.73
20/05/2016,76.02
23/05/2016,76.31
24/05/2016,76
25/05/2016,76.21
27/05/2016,76.37
30/05/2016,76.95
31/05/2016,77.27
01/06/2016,77.47
02/06/2016,78.28
03/06/2016,79
06/06/2016,79.85
07/06/2016,80.21
08/06/2016,80.92
09/06/2016,82.33
10/06/2016,82.59
13/06/2016,83.11
14/06/2016,84.1
15/06/2016,84.28
16/06/2016,84.88
17/06/2016,85.29
20/06/2016,86.05
21/06/2016,86.57
22/06/2016,86.58
23/06/2016,86.87
24/06/2016,87.4
27/06/2016,87.29
28/06/2016,87.62
29/06/2016,88.13
30/06/2016,87.86
01/07/2016,87.9
04/07/2016,88
05/07/2016,88.27
06/07/2016,87.66
07/07/2016,87.63
08/07/2016,86.98
11/07/2016,86.89
12/07/2016,86.25
13/07/2016,86.14
14/07/2016,86.13
15/07/2016,86.39
18/07/2016,85.88
19/07/2016,86.12
20/07/2016,86.11
21/07/2016,86.6
22/07/2016,86.78
25/07/2016,86.31
26/07/2016,85.99
27/07/2016,85.74
28/07/2016,86.1
29/07/2016,85.87
01/08/2016,85.29
02/08/2016,85.33
03/08/2016,85.32
04/08/2016,85.71
05/08/2016,85.67
08/08/2016,85.6
09/08/2016,85.72
10/08/2016,85.92
11/08/2016,85.71
12/08/2016,85.91
15/08/2016,86.13
16/08/2016,86.51
17/08/2016,86.04
18/08/2016,85.64
19/08/2016,85.59
22/08/2016,85.74
23/08/2016,86.06
24/08/2016,86.23
25/08/2016,85.91
26/08/2016,86.74
29/08/2016,86.18
30/08/2016,86.43
31/08/2016,86.02
01/09/2016,86.44
02/09/2016,85.75
05/09/2016,86.16
06/09/2016,85.78
08/09/2016,86.54
09/09/2016,86.34
12/09/2016,86.63
13/09/2016,86.67
14/09/2016,85.83
15/09/2016,86.18
16/09/2016,85.83
19/09/2016,86.49
20/09/2016,86.45
21/09/2016,86.8
22/09/2016,88.15
23/09/2016,88.65
26/09/2016,89.06
27/09/2016,90
28/09/2016,91.52
29/09/2016,94.56
30/09/2016,94.7
03/10/2016,94.2
04/10/2016,94.38
05/10/2016,95.09
06/10/2016,95.5
07/10/2016,96.49
10/10/2016,96.43
11/10/2016,97.04
13/10/2016,96.98
14/10/2016,97.59
17/10/2016,98.28
18/10/2016,98.31
19/10/2016,98.66
20/10/2016,98.57
21/10/2016,98.2
24/10/2016,99.34
25/10/2016,100.37
26/10/2016,100.68
27/10/2016,100.6
28/10/2016,100.92
31/10/2016,100.88
01/11/2016,100.7
03/11/2016,100.22
04/11/2016,100.56
07/11/2016,100.74
08/11/2016,100.31
09/11/2016,100
10/11/2016,99.82
11/11/2016,100.07
14/11/2016,99.23
16/11/2016,98.95
17/11/2016,98.32
18/11/2016,97.87
21/11/2016,97.53
22/11/2016,96.31
23/11/2016,95.9
24/11/2016,95.32
25/11/2016,95.05
28/11/2016,95.38
29/11/2016,94.45
30/11/2016,94.49
01/12/2016,93.93
02/12/2016,94.33
05/12/2016,93.69
06/12/2016,93.73
07/12/2016,93.58
08/12/2016,93.03
09/12/2016,92.78
12/12/2016,92.67
13/12/2016,91.95
14/12/2016,91.73
15/12/2016,92.22
16/12/2016,91.97
19/12/2016,91.33
20/12/2016,91.41
21/12/2016,90.74
22/12/2016,90.62
23/12/2016,90.79
26/12/2016,90.53
27/12/2016,91.23
28/12/2016,90.58
29/12/2016,90.4
02/01/2017,89.9
03/01/2017,89.87
04/01/2017,89.39
05/01/2017,88.99
06/01/2017,89.19
09/01/2017,89.26
10/01/2017,89.41
11/01/2017,88.94
12/01/2017,89.11
13/01/2017,88.76
16/01/2017,88.53
17/01/2017,88.09
18/01/2017,88.2
19/01/2017,87.81
20/01/2017,87.37
23/01/2017,86.94
24/01/2017,87.02
25/01/2017,86.44
26/01/2017,85.91
27/01/2017,85.74
30/01/2017,85.95
31/01/2017,85.65
01/02/2017,84.75
02/02/2017,84.83
03/02/2017,84.41
06/02/2017,84.67
07/02/2017,84.13
08/02/2017,83.85
09/02/2017,83.15
10/02/2017,83.54
13/02/2017,83.36
14/02/2017,83.22
15/02/2017,83.33
16/02/2017,82.7
17/02/2017,82.7
20/02/2017,82.12
21/02/2017,81.86
22/02/2017,81.96
23/02/2017,82.02
24/02/2017,81.34
01/03/2017,80.76
02/03/2017,80.86
03/03/2017,80.37
06/03/2017,80.44
07/03/2017,79.82
08/03/2017,79.08
09/03/2017,78.76
10/03/2017,78.36
13/03/2017,77.79
14/03/2017,77.98
15/03/2017,77.93
16/03/2017,77.68
17/03/2017,77.02
20/03/2017,76.29
21/03/2017,76.34
22/03/2017,76.92
23/03/2017,76.91
24/03/2017,76.31
27/03/2017,75.54
28/03/2017,74.39
29/03/2017,74.75
30/03/2017,73.79
31/03/2017,74
03/04/2017,74.22
04/04/2017,74.48
05/04/2017,74.39
06/04/2017,73.58
07/04/2017,73.56
10/04/2017,73.7
11/04/2017,73.84
12/04/2017,73.92
13/04/2017,73.79
17/04/2017,73.59
18/04/2017,73.32
19/04/2017,73.58
20/04/2017,73.88
24/04/2017,74.61
25/04/2017,74.8
26/04/2017,75.39
27/04/2017,75.86
28/04/2017,76.52
02/05/2017,77.04
03/05/2017,77.29
04/05/2017,76.59
05/05/2017,76.54
08/05/2017,76.87
09/05/2017,76.8
10/05/2017,76.76
11/05/2017,76.29
12/05/2017,76.33
15/05/2017,76.13
16/05/2017,76.21
17/05/2017,76.46
18/05/2017,76.44
19/05/2017,76.52
22/05/2017,76.89
23/05/2017,77.47
24/05/2017,78.08
25/05/2017,77.64
26/05/2017,77.52
29/05/2017,77.91
30/05/2017,77.72
31/05/2017,77.71
01/06/2017,77.41
02/06/2017,76.63
05/06/2017,76.14
06/06/2017,76.03
07/06/2017,75.32
08/06/2017,75.13
09/06/2017,74.66
12/06/2017,74.82
13/06/2017,74.42
14/06/2017,73.43
16/06/2017,73.43
19/06/2017,73.13
20/06/2017,71.91
21/06/2017,70.9
22/06/2017,70.24
23/06/2017,69.83
26/06/2017,68.26
27/06/2017,67.61
28/06/2017,67.27
29/06/2017,66.08
30/06/2017,64.66
03/07/2017,63.33
04/07/2017,63.08
05/07/2017,63.23
06/07/2017,63.29
07/07/2017,63.32
10/07/2017,63.62
11/07/2017,63.48
12/07/2017,63.52
13/07/2017,62.51
14/07/2017,62.46
17/07/2017,61.31
18/07/2017,60.57
19/07/2017,59.68
20/07/2017,59.5
21/07/2017,59.31
24/07/2017,59.16
25/07/2017,59.17
26/07/2017,58.76
27/07/2017,58.6
28/07/2017,58.43
31/07/2017,58.48
01/08/2017,58
02/08/2017,57.58
03/08/2017,57.19
04/08/2017,57.46
07/08/2017,57.17
08/08/2017,55.82
09/08/2017,55.04
10/08/2017,54.64
11/08/2017,54.86
14/08/2017,54.3
15/08/2017,53.99
16/08/2017,53.81
17/08/2017,53.4
18/08/2017,53.32
21/08/2017,53.29
22/08/2017,52.79
23/08/2017,52.83
24/08/2017,52.66
25/08/2017,52.61
28/08/2017,52.92
29/08/2017,53
30/08/2017,52.76
31/08/2017,52.33
01/09/2017,52.23
04/09/2017,52.26
05/09/2017,51.96
06/09/2017,52.04
08/09/2017,52.06
11/09/2017,52.2
12/09/2017,52.25
13/09/2017,52.76
14/09/2017,52.85
15/09/2017,52.6
18/09/2017,52.53
19/09/2017,52.42
20/09/2017,52.65
21/09/2017,52.54
22/09/2017,52.7
25/09/2017,52.52
26/09/2017,52.06
27/09/2017,52.37
28/09/2017,52.4
29/09/2017,52.78
02/10/2017,52.66
03/10/2017,52.93
04/10/2017,53.19
05/10/2017,53.34
06/10/2017,53.13
09/10/2017,53.09
10/10/2017,53.21
11/10/2017,53.34
13/10/2017,53.48
16/10/2017,53.95
17/10/2017,54.21
18/10/2017,54.7
19/10/2017,54.8
20/10/2017,55.07
23/10/2017,55.72
24/10/2017,55.9
25/10/2017,56.06
26/10/2017,56.51
27/10/2017,57.09
30/10/2017,57.14
31/10/2017,57.88
01/11/2017,58.37
03/11/2017,58.75
06/11/2017,60.25
07/11/2017,61.05
08/11/2017,61.55
09/11/2017,62.39
10/11/2017,63.63
13/11/2017,64.03
14/11/2017,65.04
16/11/2017,64.48
17/11/2017,65.4
21/11/2017,66.05
22/11/2017,66.11
23/11/2017,66.54
24/11/2017,66.81
27/11/2017,67.46
28/11/2017,67.83
29/11/2017,68.67
30/11/2017,69.12
01/12/2017,69.34
04/12/2017,69.72
05/12/2017,69.19
06/12/2017,69.18
07/12/2017,69.55
08/12/2017,69.89
11/12/2017,69.25
12/12/2017,68.68
13/12/2017,68.75
14/12/2017,68.78
15/12/2017,69.17
18/12/2017,69.35
19/12/2017,68.94
20/12/2017,67.7
21/12/2017,67.98
22/12/2017,67.1
26/12/2017,67.02
27/12/2017,67.58
28/12/2017,66.95
02/01/2018,67.24
03/01/2018,67.01
04/01/2018,67.1
05/01/2018,66.01
08/01/2018,65.43
09/01/2018,65.02
10/01/2018,64.35
11/01/2018,63.51
12/01/2018,62.71
15/01/2018,61.79
16/01/2018,60.38
17/01/2018,58.95
18/01/2018,58.46
19/01/2018,58.32
22/01/2018,58.37
23/01/2018,57.52
24/01/2018,56.57
25/01/2018,56.9
26/01/2018,56.36
29/01/2018,55.75
30/01/2018,56.18
31/01/2018,55.43
01/02/2018,55.25
02/02/2018,54.88
05/02/2018,54.71
06/02/2018,54.01
07/02/2018,54.03
08/02/2018,54.17
09/02/2018,54.39
14/02/2018,54.53
15/02/2018,53.09
16/02/2018,53.29
19/02/2018,53.01
20/02/2018,52.98
21/02/2018,52.27
22/02/2018,52.13
23/02/2018,51.72
26/02/2018,51.59
27/02/2018,50.76
28/02/2018,51.35
01/03/2018,51.22
02/03/2018,50.8
05/03/2018,51.44
06/03/2018,51.01
07/03/2018,51.43
08/03/2018,51.48
09/03/2018,51.18
12/03/2018,50.73
13/03/2018,51.17
14/03/2018,50.96
15/03/2018,50.34
16/03/2018,50.01
19/03/2018,50.71
20/03/2018,50.45
21/03/2018,50.55
22/03/2018,51.35
23/03/2018,51.71
26/03/2018,52.3
27/03/2018,52.33
28/03/2018,53.12
29/03/2018,53.4
02/04/2018,53.48
03/04/2018,53.52
04/04/2018,53.89
05/04/2018,54.08
06/04/2018,54.16
09/04/2018,54.45
10/04/2018,54.97
11/04/2018,55.06
12/04/2018,55.27
13/04/2018,54.81
16/04/2018,55.07
17/04/2018,55.27
18/04/2018,55.17
19/04/2018,55.43
20/04/2018,55.84
23/04/2018,55.98
24/04/2018,55.8
25/04/2018,55.46
26/04/2018,54.95
27/04/2018,54.87
30/04/2018,55.11
02/05/2018,55.43
03/05/2018,55.34
04/05/2018,55.51
07/05/2018,55.69
08/05/2018,55.22
09/05/2018,54.96
10/05/2018,53.79
11/05/2018,53.56
14/05/2018,52.68
15/05/2018,53.15
16/05/2018,53.07
17/05/2018,53.77
18/05/2018,53.61
21/05/2018,53.01
22/05/2018,52.85
23/05/2018,53.7
24/05/2018,54.4
25/05/2018,54.43
28/05/2018,54.43
29/05/2018,55.43
30/05/2018,55.73
01/06/2018,56.2
04/06/2018,57.33
05/06/2018,57.01
06/06/2018,56.48
07/06/2018,57.04
08/06/2018,57.48
11/06/2018,58.44
12/06/2018,57.68
13/06/2018,58
14/06/2018,57.75
15/06/2018,58
18/06/2018,58.5
19/06/2018,58.31
20/06/2018,57.39
21/06/2018,57.31
22/06/2018,58.19
25/06/2018,58.94
26/06/2018,58.33
27/06/2018,58.79
28/06/2018,58.26
29/06/2018,58.4
02/07/2018,58.54
03/07/2018,58.23
04/07/2018,57.85
05/07/2018,57.9
06/07/2018,57.08
10/07/2018,56.68
11/07/2018,56.17
12/07/2018,55.64
13/07/2018,55.33
16/07/2018,54.36
17/07/2018,54.45
18/07/2018,54.55
19/07/2018,53.82
20/07/2018,53.84
23/07/2018,53.43
24/07/2018,53.55
25/07/2018,53.89
26/07/2018,54.23
27/07/2018,52.7
30/07/2018,52.79
31/07/2018,52.31
01/08/2018,51.29
02/08/2018,50.55
03/08/2018,50.77
06/08/2018,51.55
07/08/2018,50.54
08/08/2018,50.1
09/08/2018,50.77
10/08/2018,50.79
13/08/2018,50.56
14/08/2018,50
15/08/2018,50.25
16/08/2018,49.84
17/08/2018,49.8
20/08/2018,50.54
21/08/2018,50.17
22/08/2018,51
23/08/2018,51.77
24/08/2018,52.45
27/08/2018,53.07
28/08/2018,53.78
29/08/2018,54.65
30/08/2018,54.59
31/08/2018,55.47
03/09/2018,56.1
04/09/2018,56.59
05/09/2018,57.43
06/09/2018,57.65
10/09/2018,58.83
11/09/2018,59.43
12/09/2018,59.5
13/09/2018,60.71
14/09/2018,61.61
17/09/2018,63.19
18/09/2018,63.04
19/09/2018,63.11
20/09/2018,62.67
21/09/2018,62.17
24/09/2018,61.86
25/09/2018,61.91
26/09/2018,62.3
27/09/2018,62.35
28/09/2018,62.63
01/10/2018,61.79
02/10/2018,61.54
03/10/2018,61.69
04/10/2018,62.27
05/10/2018,63.11
08/10/2018,63.12
09/10/2018,63.27
10/10/2018,63.6
11/10/2018,63.63
15/10/2018,64.47
16/10/2018,64.23
17/10/2018,64.07
18/10/2018,65.51
19/10/2018,65.9
22/10/2018,65.71
23/10/2018,64.59
24/10/2018,65.67
25/10/2018,66.72
26/10/2018,66.69
29/10/2018,66.66
30/10/2018,65.98
31/10/2018,65.89
01/11/2018,66.33
05/11/2018,66.32
06/11/2018,66.57
07/11/2018,67.34
08/11/2018,67.72
09/11/2018,67.96
12/11/2018,67
13/11/2018,67.02
14/11/2018,67.26
16/11/2018,67.11
19/11/2018,67.75
21/11/2018,67.79
22/11/2018,68.22
23/11/2018,68.12
26/11/2018,69.15
27/11/2018,68.93
28/11/2018,69
29/11/2018,68.91
30/11/2018,68.53
03/12/2018,69.35
04/12/2018,68.79
05/12/2018,68.54
06/12/2018,68.34
07/12/2018,68.46
10/12/2018,68.4
11/12/2018,68.23
12/12/2018,68.76
13/12/2018,68.51
14/12/2018,68.75
17/12/2018,68.8
18/12/2018,68.25
19/12/2018,68.61
20/12/2018,68.82
21/12/2018,68.62
26/12/2018,68.59
27/12/2018,68.21
28/12/2018,68.2
02/01/2019,68.18
03/01/2019,68.5
04/01/2019,68.45
07/01/2019,68.84
08/01/2019,68.78
09/01/2019,68.72
10/01/2019,68.5
11/01/2019,68.63
14/01/2019,68.62
15/01/2019,68.86
16/01/2019,69.05
17/01/2019,68.33
18/01/2019,69.04
21/01/2019,68.97
22/01/2019,68.99
23/01/2019,69.05
24/01/2019,68.66
25/01/2019,69.41
28/01/2019,69.07
29/01/2019,69.15
30/01/2019,69.33
31/01/2019,69.18
01/02/2019,69.73
04/02/2019,69.92
05/02/2019,70.27
06/02/2019,69.7
07/02/2019,69.96
08/02/2019,69.88
11/02/2019,69.77
12/02/2019,70.2
13/02/2019,69.88
14/02/2019,69.36
15/02/2019,68.41
18/02/2019,68.85
19/02/2019,67.45
20/02/2019,67.29
21/02/2019,66.87
22/02/2019,67.56
25/02/2019,66.91
26/02/2019,66.97
27/02/2019,64.67
28/02/2019,66.08
01/03/2019,66.47
06/03/2019,66.81
07/03/2019,67.33
08/03/2019,67.72
11/03/2019,68
12/03/2019,68.36
13/03/2019,67.6
14/03/2019,68.52
15/03/2019,69.1
18/03/2019,69.1
19/03/2019,68.1
20/03/2019,67.61
21/03/2019,67.34
22/03/2019,67.9
25/03/2019,67.31
26/03/2019,68.18
27/03/2019,68.05
28/03/2019,68.28
29/03/2019,68.84
01/04/2019,69.19
02/04/2019,68.53
03/04/2019,68.12
04/04/2019,67.63
05/04/2019,65.9
08/04/2019,66.2
09/04/2019,66.79
10/04/2019,66.87
11/04/2019,67.41
12/04/2019,67.82
15/04/2019,68.02
16/04/2019,68.48
17/04/2019,69.1
18/04/2019,69.79
22/04/2019,69.56
23/04/2019,69.36
24/04/2019,69.31
25/04/2019,69.86
26/04/2019,69.55
29/04/2019,70.25
30/04/2019,69.86
02/05/2019,69.84
03/05/2019,70.3
06/05/2019,70.67
07/05/2019,70.72
08/05/2019,70.63
09/05/2019,70.27
10/05/2019,70.46
13/05/2019,71.37
14/05/2019,71.08
15/05/2019,70.75
16/05/2019,70.1
17/05/2019,69.57
20/05/2019,69.77
21/05/2019,69.97
22/05/2019,68.37
23/05/2019,68.26
24/05/2019,67.58
27/05/2019,68.7
28/05/2019,66.96
29/05/2019,65.15
30/05/2019,65.79
31/05/2019,63.86
03/06/2019,63.51
04/06/2019,63.23
05/06/2019,62.93
06/06/2019,63.41
07/06/2019,63.46
10/06/2019,63.12
11/06/2019,62.5
12/06/2019,61.89
13/06/2019,62.42
14/06/2019,62.42
17/06/2019,62.92
18/06/2019,63.18
19/06/2019,63.08
21/06/2019,61.93
24/06/2019,62.74
25/06/2019,61.58
26/06/2019,61.22
27/06/2019,61.48
28/06/2019,61.45
01/07/2019,61.08
02/07/2019,61.29
03/07/2019,60.97
04/07/2019,60.76
05/07/2019,60.19
08/07/2019,59.97
10/07/2019,60.23
11/07/2019,60.46
12/07/2019,60.51
15/07/2019,60.53
16/07/2019,60.27
17/07/2019,60.12
18/07/2019,60.01
19/07/2019,59.69
22/07/2019,59.03
23/07/2019,58.58
24/07/2019,57.98
25/07/2019,57.59
26/07/2019,58.35
29/07/2019,58.81
30/07/2019,58.32
31/07/2019,58.66
01/08/2019,58.24
02/08/2019,58.51
05/08/2019,59.4
06/08/2019,59.44
07/08/2019,59.75
08/08/2019,59.65
09/08/2019,59.5
12/08/2019,60.47
13/08/2019,59.97
14/08/2019,60.31
15/08/2019,59.96
16/08/2019,59.87
19/08/2019,60.25
20/08/2019,60.29
21/08/2019,60.36
22/08/2019,59.85
23/08/2019,60.35
26/08/2019,60.85
27/08/2019,60.87
28/08/2019,60.95
29/08/2019,61.36
30/08/2019,61.26
02/09/2019,61.69
03/09/2019,61.35
04/09/2019,61.03
05/09/2019,60
06/09/2019,59.88
09/09/2019,60.42
10/09/2019,60.16
11/09/2019,60.12
12/09/2019,60.37
13/09/2019,59.99
16/09/2019,60.14
17/09/2019,60.82
18/09/2019,60.89
19/09/2019,60.48
20/09/2019,61.19
23/09/2019,61.21
24/09/2019,61.8
25/09/2019,62.13
26/09/2019,62.56
27/09/2019,62.68
30/09/2019,63
01/10/2019,63.76
02/10/2019,64.27
03/10/2019,64.5
04/10/2019,64.64
07/10/2019,64.67
08/10/2019,64.81
09/10/2019,64.88
10/10/2019,64.64
11/10/2019,64.96
14/10/2019,65.03
15/10/2019,65.25
16/10/2019,64.66
17/10/2019,65.27
18/10/2019,65.26
21/10/2019,65.76
22/10/2019,65.95
23/10/2019,65.53
24/10/2019,65.16
25/10/2019,65.8
28/10/2019,65.64
29/10/2019,65.03
30/10/2019,65.2
31/10/2019,65.21
01/11/2019,65.31
04/11/2019,65.6
05/11/2019,65.35
06/11/2019,65.77
07/11/2019,65.95
08/11/2019,66.11
11/11/2019,65.77
12/11/2019,65.95
13/11/2019,65.52
14/11/2019,65.67
18/11/2019,65.54
19/11/2019,65.76
21/11/2019,65.28
22/11/2019,65.77
25/11/2019,65.68
26/11/2019,65.82
27/11/2019,65.12
28/11/2019,65.89
29/11/2019,65.56
02/12/2019,66.04
03/12/2019,66.51
04/12/2019,67.15
05/12/2019,67.39
06/12/2019,68.1
09/12/2019,68.74
10/12/2019,68.16
11/12/2019,68.99
12/12/2019,70.41
13/12/2019,69.69
16/12/2019,70.63
17/12/2019,71.09
18/12/2019,72.13
19/12/2019,71.62
20/12/2019,72.29
23/12/2019,72.9
26/12/2019,74.06
27/12/2019,74.28
30/12/2019,73.27
02/01/2020,72.71
03/01/2020,73.54
06/01/2020,73.71
07/01/2020,73.86
08/01/2020,73.34
09/01/2020,72.53
10/01/2020,72.17
13/01/2020,72.67
14/01/2020,73.02
15/01/2020,73.44
16/01/2020,73.2
17/01/2020,73.48
20/01/2020,74.76
21/01/2020,74.73
22/01/2020,75.26
23/01/2020,75.82
24/01/2020,76.11
27/01/2020,76.44
28/01/2020,76.25
29/01/2020,76.21
30/01/2020,76.3
31/01/2020,75.77
03/02/2020,75.53
04/02/2020,76.11
05/02/2020,76.71
06/02/2020,77.07
07/02/2020,77.18
10/02/2020,77.32
11/02/2020,77.06
12/02/2020,76.74
13/02/2020,76.96
14/02/2020,78.34
17/02/2020,78.43
18/02/2020,79.13
19/02/2020,79.93
20/02/2020,80.43
21/02/2020,80.65
26/02/2020,81.09
27/02/2020,80.77
28/02/2020,80.9
02/03/2020,80.67
03/03/2020,81.31
04/03/2020,80.86
05/03/2020,80.33
06/03/2020,80.91
09/03/2020,80.13
10/03/2020,78.92
11/03/2020,79.35
12/03/2020,79.79
13/03/2020,80.2
16/03/2020,78.39
17/03/2020,77.5
18/03/2020,76.6
19/03/2020,77.08
20/03/2020,77.45
23/03/2020,77.72
24/03/2020,77.66
25/03/2020,76.79
26/03/2020,77.14
27/03/2020,76.35
30/03/2020,75.13
31/03/2020,75.64
01/04/2020,76.38
02/04/2020,76.81
03/04/2020,77.75
06/04/2020,78.8
07/04/2020,77.87
08/04/2020,78.74
09/04/2020,78.76
13/04/2020,79.18
14/04/2020,79.21
15/04/2020,78.2
16/04/2020,77.95
17/04/2020,77.95
20/04/2020,77.3
22/04/2020,77.19
23/04/2020,77
24/04/2020,76.58
27/04/2020,75.3
28/04/2020,75.26
29/04/2020,75.5
30/04/2020,75.94
04/05/2020,75.56
05/05/2020,74.72
06/05/2020,74.91
07/05/2020,73.94
08/05/2020,74.68
11/05/2020,75.07
12/05/2020,74.78
13/05/2020,74.5
14/05/2020,74.11
15/05/2020,73.82
18/05/2020,73.68
19/05/2020,73.63
20/05/2020,74.98
21/05/2020,75.33
22/05/2020,74.74
25/05/2020,74.74
26/05/2020,74.43
27/05/2020,75.27
28/05/2020,76.06
29/05/2020,76.79
01/06/2020,76.8
02/06/2020,76.21
03/06/2020,75.69
04/06/2020,76.11
05/06/2020,77.33
08/06/2020,76.02
09/06/2020,76.93
10/06/2020,76.6
12/06/2020,76.32
15/06/2020,75.71
16/06/2020,75.91
17/06/2020,76.29
18/06/2020,76.48
19/06/2020,76.37
22/06/2020,76.43
23/06/2020,76.84
24/06/2020,75.68
25/06/2020,74.75
26/06/2020,76.03
29/06/2020,76.38
30/06/2020,76.12
01/07/2020,76.04
02/07/2020,76.49
03/07/2020,76
06/07/2020,76.62
07/07/2020,75.76
08/07/2020,76.94
09/07/2020,77.1
10/07/2020,77.26
13/07/2020,77.53
14/07/2020,77.46
15/07/2020,77.29
16/07/2020,77.82
17/07/2020,77.23
20/07/2020,77.04
21/07/2020,77.2
22/07/2020,77.8
23/07/2020,77.94
24/07/2020,78.49
27/07/2020,78.35
28/07/2020,78.06
29/07/2020,78.52
30/07/2020,77.99
31/07/2020,78.46
03/08/2020,78.98
04/08/2020,79.62
05/08/2020,78.74
06/08/2020,79.18
07/08/2020,79.18
10/08/2020,79.53
11/08/2020,79.24
12/08/2020,79.94
13/08/2020,80.41
14/08/2020,81.43
17/08/2020,80.85
18/08/2020,81.52
19/08/2020,81.78
20/08/2020,82.3
21/08/2020,82.93
24/08/2020,83.13
25/08/2020,83.46
26/08/2020,84.14
27/08/2020,84.33
28/08/2020,84.44
31/08/2020,85.13
01/09/2020,85.16
02/09/2020,85.39
03/09/2020,85.46
04/09/2020,85.74
08/09/2020,85.78
09/09/2020,86.6
10/09/2020,85.52
11/09/2020,86
14/09/2020,85.83
15/09/2020,86.43
16/09/2020,86.48
17/09/2020,86.16
18/09/2020,86.93
21/09/2020,86.07
22/09/2020,86.27
23/09/2020,86.77
24/09/2020,87.58
25/09/2020,88.03
28/09/2020,88.23
29/09/2020,88.18
30/09/2020,88.52
01/10/2020,89.29
02/10/2020,89.52
05/10/2020,89.2
06/10/2020,90.15
07/10/2020,90.24
08/10/2020,90.71
09/10/2020,90.36
13/10/2020,90.42
14/10/2020,90.83
15/10/2020,91.46
16/10/2020,91.71
19/10/2020,92.69
20/10/2020,94.52
21/10/2020,94.8
22/10/2020,95.95
23/10/2020,97.42
26/10/2020,98.96
27/10/2020,99.17
28/10/2020,100.36
29/10/2020,100.39
30/10/2020,100.61
03/11/2020,100.84
04/11/2020,102.16
05/11/2020,102.25
06/11/2020,103.21
09/11/2020,103.23
10/11/2020,104.29
11/11/2020,105.14
12/11/2020,104.76
13/11/2020,105.14
16/11/2020,105.54
17/11/2020,106.36
18/11/2020,107.71
19/11/2020,107.8
20/11/2020,108.07
23/11/2020,108.68
24/11/2020,108.96
25/11/2020,109.43
26/11/2020,109.58
27/11/2020,109.89
30/11/2020,110.79
01/12/2020,109.31
02/12/2020,107.92
03/12/2020,109.06
04/12/2020,110.28
07/12/2020,110.89
08/12/2020,110.84
09/12/2020,111.02
10/12/2020,111.96
11/12/2020,105.53
14/12/2020,108.33
15/12/2020,109.43
16/12/2020,107.28
17/12/2020,107.56
18/12/2020,107.48
21/12/2020,108.08
22/12/2020,108.09
23/12/2020,107.57
28/12/2020,108.79
29/12/2020,108.63
30/12/2020,107.59
04/01/2021,106.82
05/01/2021,108.29
06/01/2021,107.35
07/01/2021,106.39
08/01/2021,106.05
11/01/2021,105.7
12/01/2021,105.41
13/01/2021,104.55
14/01/2021,104.54
15/01/2021,104.03
18/01/2021,104.06
19/01/2021,104.89
20/01/2021,104.93
21/01/2021,107.37
22/01/2021,107.64
25/01/2021,106.6
26/01/2021,107.33
27/01/2021,107.35
28/01/2021,108.25
29/01/2021,108.6
01/02/2021,109.11
02/02/2021,108.53
03/02/2021,108.42
04/02/2021,107.58
05/02/2021,106.96
08/02/2021,106.04
09/02/2021,105.89
10/02/2021,105.77
11/02/2021,105.69
12/02/2021,104.92
17/02/2021,106.02
18/02/2021,107.32
19/02/2021,108.02
22/02/2021,109.13
23/02/2021,109.54
24/02/2021,110.5
25/02/2021,109.86
26/02/2021,109.26
01/03/2021,110.95
02/03/2021,110.42
03/03/2021,110.47
04/03/2021,108.23
05/03/2021,106.79
08/03/2021,107.2
09/03/2021,108.37
10/03/2021,106.33
11/03/2021,107.93
12/03/2021,106.92
15/03/2021,104.94
16/03/2021,107.02
17/03/2021,108.32
18/03/2021,107.71
19/03/2021,106.01
22/03/2021,106.67
23/03/2021,108.07
24/03/2021,108.49
25/03/2021,106.31
26/03/2021,108.19
29/03/2021,108.12
30/03/2021,106.81
31/03/2021,104.15
01/04/2021,104.75
05/04/2021,104.95
06/04/2021,105.66
07/04/2021,105.26
08/04/2021,106.47
09/04/2021,106.55
12/04/2021,105.25
13/04/2021,105.67
14/04/2021,106.29
15/04/2021,107.05
16/04/2021,108.23
19/04/2021,109.53
20/04/2021,110.05
22/04/2021,110.6
23/04/2021,111
26/04/2021,112.51
27/04/2021,111.94
28/04/2021,110.97
29/04/2021,111.14
30/04/2021,112.88
03/05/2021,113.5
04/05/2021,113.48
05/05/2021,114.49
06/05/2021,113.75
07/05/2021,114.22
10/05/2021,115.34
11/05/2021,114.44
12/05/2021,115.23
13/05/2021,114.92
14/05/2021,115.06
17/05/2021,115.71
18/05/2021,115
19/05/2021,114.49
20/05/2021,115.1
21/05/2021,116.03
24/05/2021,116.41
25/05/2021,116.4
26/05/2021,115.88
27/05/2021,115.41
28/05/2021,115.99
31/05/2021,115.81
01/06/2021,116.23
02/06/2021,116.34
04/06/2021,116.77
07/06/2021,116.56
08/06/2021,116.22
09/06/2021,116.93
10/06/2021,117.23
11/06/2021,115.6
14/06/2021,116.89
15/06/2021,117.26
16/06/2021,117.57
17/06/2021,117.76
18/06/2021,115.37
21/06/2021,114.23
22/06/2021,115.99
23/06/2021,115.88
24/06/2021,117.07
25/06/2021,117.22
28/06/2021,117.89
29/06/2021,114.98
30/06/2021,113.57
01/07/2021,114.82
02/07/2021,115.81
05/07/2021,116.87
06/07/2021,115.93
07/07/2021,115.61
08/07/2021,115.38
12/07/2021,116.44
13/07/2021,115.42
14/07/2021,115.55
15/07/2021,114.71
16/07/2021,115.51
19/07/2021,116.89
20/07/2021,116.55
21/07/2021,116.79
22/07/2021,117.42
23/07/2021,116.96
26/07/2021,117.61
27/07/2021,117.1
28/07/2021,117.58
29/07/2021,117.99
30/07/2021,117.48
02/08/2021,118.84
03/08/2021,119.78
04/08/2021,120.79
05/08/2021,120.49
06/08/2021,120.57
09/08/2021,119.58
10/08/2021,121.72
11/08/2021,122.59
12/08/2021,125.55
13/08/2021,125.52
16/08/2021,129.38
17/08/2021,129.77
18/08/2021,130.95
19/08/2021,133.91
20/08/2021,133.41
23/08/2021,134.43
24/08/2021,135.21
25/08/2021,135.69
26/08/2021,136.31
27/08/2021,137.18
30/08/2021,136.34
31/08/2021,137.36
01/09/2021,137.03
02/09/2021,137.83
03/09/2021,138.01
06/09/2021,139.59
08/09/2021,139.97
09/09/2021,140.65
10/09/2021,140.09
13/09/2021,142.17
14/09/2021,142.61
15/09/2021,141.34
16/09/2021,142.63
17/09/2021,140.51
20/09/2021,144.34
21/09/2021,143.54
22/09/2021,143.81
23/09/2021,145.46
24/09/2021,141.71
27/09/2021,143.72
28/09/2021,144.44
29/09/2021,144.47
30/09/2021,142.5
01/10/2021,143.09
04/10/2021,142.34
05/10/2021,142.86
06/10/2021,143.38
07/10/2021,143.72
08/10/2021,144.81
11/10/2021,144.67
13/10/2021,147.69
14/10/2021,149.85
15/10/2021,150.24
18/10/2021,149.41
19/10/2021,146.62
20/10/2021,147.5
21/10/2021,148.18
22/10/2021,148.76
25/10/2021,149.44
26/10/2021,148.7
27/10/2021,149.31
28/10/2021,151.87
29/10/2021,152.88
01/11/2021,153.04
03/11/2021,151.62
04/11/2021,151.9
05/11/2021,153.85
08/11/2021,153.43
09/11/2021,152.1
10/11/2021,151.96
11/11/2021,152.93
12/11/2021,155.73
16/11/2021,154.52
17/11/2021,154.57
18/11/2021,155.2
19/11/2021,155.43
22/11/2021,154.44
23/11/2021,153.48
24/11/2021,153.47
25/11/2021,153.83
26/11/2021,154.05
29/11/2021,153.56
30/11/2021,154.26
01/12/2021,154.79
02/12/2021,155.81
03/12/2021,155.25
06/12/2021,155.13
07/12/2021,155.57
08/12/2021,155.51
09/12/2021,153.36
10/12/2021,155.35
13/12/2021,155.07
14/12/2021,153.33
15/12/2021,154.46
16/12/2021,157.43
17/12/2021,154.46
20/12/2021,153.03
21/12/2021,154.97
22/12/2021,155.23
23/12/2021,156.26
27/12/2021,156.26
28/12/2021,155.37
29/12/2021,154.83
30/12/2021,154.83
03/01/2022,154.82
04/01/2022,151.02
05/01/2022,153.24
06/01/2022,153.12
07/01/2022,152.93
10/01/2022,151.34
11/01/2022,152.38
12/01/2022,152.28
13/01/2022,152.96
14/01/2022,153.13
17/01/2022,150.53
18/01/2022,150.84
19/01/2022,151.46
20/01/2022,152.05
21/01/2022,151.58
24/01/2022,151.66
25/01/2022,148.34
26/01/2022,150.15
27/01/2022,150.5
28/01/2022,149.02
31/01/2022,147.04
01/02/2022,147.87
02/02/2022,146.53
03/02/2022,144.81
04/02/2022,146.33
07/02/2022,146.67
08/02/2022,145.49
09/02/2022,147.33
10/02/2022,145.07
11/02/2022,148.61
14/02/2022,148.52
15/02/2022,149.08
16/02/2022,145.49
17/02/2022,148.23
18/02/2022,145.64
21/02/2022,144.79
22/02/2022,142.39
23/02/2022,139.34
24/02/2022,136.21
25/02/2022,132.42
02/03/2022,132.99
03/03/2022,132.99
04/03/2022,135.3
07/03/2022,134.79
08/03/2022,134.37
09/03/2022,136.52
10/03/2022,136.98
11/03/2022,136.69
14/03/2022,135.89
15/03/2022,136.51
16/03/2022,137.67
17/03/2022,138.24
18/03/2022,136.62
21/03/2022,139.33
22/03/2022,139.36
23/03/2022,139.29
24/03/2022,139.37
25/03/2022,140
28/03/2022,140
29/03/2022,140.58
30/03/2022,140.82
31/03/2022,142.86
01/04/2022,143.65
04/04/2022,143.65
05/04/2022,143.23
06/04/2022,142.41
07/04/2022,142.47
08/04/2022,141.76
11/04/2022,143.44
12/04/2022,142.26
13/04/2022,141.49
14/04/2022,141.49
18/04/2022,142.48
19/04/2022,140.99
20/04/2022,139.57
22/04/2022,139.57
25/04/2022,139.48
26/04/2022,137.12
27/04/2022,136.94
28/04/2022,135.46
29/04/2022,135.43
02/05/2022,135.11
03/05/2022,132.69
04/05/2022,134.21
05/05/2022,133.43
06/05/2022,134.38
09/05/2022,133.32
10/05/2022,132.83
11/05/2022,132.78
12/05/2022,131.21
13/05/2022,131.96
16/05/2022,131
17/05/2022,130.51
18/05/2022,129.86
19/05/2022,129.32
20/05/2022,130.58
23/05/2022,131.97
24/05/2022,131.8
25/05/2022,131.88
26/05/2022,130.79
27/05/2022,130.02
30/05/2022,130.68
31/05/2022,130.92
01/06/2022,130.64
02/06/2022,128.55
03/06/2022,129.84
06/06/2022,129.96
07/06/2022,129.28
08/06/2022,129.39
09/06/2022,128.79
10/06/2022,127.19
13/06/2022,127.32
14/06/2022,126.71
15/06/2022,127.1
17/06/2022,126.69
20/06/2022,126.33
21/06/2022,127.02
22/06/2022,126.17
23/06/2022,126.75
24/06/2022,127.14
27/06/2022,127.33
28/06/2022,128.02
29/06/2022,127.94
30/06/2022,127.06
01/07/2022,126.83
04/07/2022,127.64
05/07/2022,126.65
06/07/2022,126.45
07/07/2022,126.78
08/07/2022,125.98
11/07/2022,126.6
12/07/2022,126.28
13/07/2022,127.11
14/07/2022,127.51
15/07/2022,127.72
18/07/2022,131
19/07/2022,131.12
20/07/2022,131.99
21/07/2022,131.45
22/07/2022,131.11
25/07/2022,130.08
26/07/2022,130.16
27/07/2022,130.49
28/07/2022,131.7
29/07/2022,131.46
01/08/2022,131.5
02/08/2022,129.33
03/08/2022,128.84
04/08/2022,129.48
05/08/2022,129.61
08/08/2022,129.55
09/08/2022,129.96
10/08/2022,129.77
11/08/2022,129.94
12/08/2022,129.94
15/08/2022,129.14
16/08/2022,129.47
17/08/2022,129.99
18/08/2022,128.24
19/08/2022,127.74
22/08/2022,128.95
23/08/2022,129.1
24/08/2022,128.15
25/08/2022,128.08
26/08/2022,127.73
29/08/2022,128.2
30/08/2022,126.22
31/08/2022,125.07
01/09/2022,123.99
02/09/2022,122.73
05/09/2022,125
06/09/2022,124.95
08/09/2022,124.94
09/09/2022,125.13
12/09/2022,123.81
13/09/2022,123.94
14/09/2022,124.05
15/09/2022,124.25
16/09/2022,123.9
19/09/2022,124.55
20/09/2022,124.73
21/09/2022,124.9
22/09/2022,124.38
23/09/2022,124.43
26/09/2022,124.62
27/09/2022,124.86
28/09/2022,125.45
29/09/2022,124.31
30/09/2022,124.41
03/10/2022,124.73
04/10/2022,125.42
05/10/2022,125.44
06/10/2022,125.68
07/10/2022,125.56
10/10/2022,125.68
11/10/2022,125.65
13/10/2022,126.4
14/10/2022,126.19
17/10/2022,127.22
18/10/2022,127.11
19/10/2022,127.69
20/10/2022,128.28
21/10/2022,128.46
24/10/2022,127.83
25/10/2022,128.6
26/10/2022,128.15
27/10/2022,128.66
28/10/2022,128.75
31/10/2022,128.26
01/11/2022,129.08
03/11/2022,128.83
04/11/2022,129.13
07/11/2022,128.79
08/11/2022,129.12
09/11/2022,129.05
10/11/2022,129.5
11/11/2022,130.01
14/11/2022,130.01
16/11/2022,129.92
17/11/2022,131.71
18/11/2022,131.93
21/11/2022,131.82
22/11/2022,134.1
23/11/2022,134.43
24/11/2022,135.7
25/11/2022,135.54
28/11/2022,136
29/11/2022,135.58
30/11/2022,136.29
01/12/2022,136.66
02/12/2022,138.42
05/12/2022,138.77
06/12/2022,139
07/12/2022,139.03
08/12/2022,140.64
09/12/2022,140.53
12/12/2022,139.34
13/12/2022,139.17
14/12/2022,139.34
