data,etanol_blr
25/01/2010,1254.5
26/01/2010,1244.5
27/01/2010,1231.5
28/01/2010,1222
29/01/2010,1227.5
01/02/2010,1221.5
02/02/2010,1214.5
03/02/2010,1206.5
04/02/2010,1201.5
05/02/2010,1190
08/02/2010,1187.5
09/02/2010,1175
10/02/2010,1164.5
11/02/2010,1163.5
12/02/2010,1153
17/02/2010,1136.5
18/02/2010,1133.5
19/02/2010,1139
22/02/2010,1111.5
23/02/2010,1090
24/02/2010,1036
25/02/2010,1034.5
26/02/2010,1036.5
01/03/2010,1018.5
02/03/2010,1020.5
03/03/2010,1010
04/03/2010,985.5
05/03/2010,968.5
08/03/2010,926
09/03/2010,891.5
10/03/2010,867
11/03/2010,838.5
12/03/2010,845
15/03/2010,845
16/03/2010,854
17/03/2010,849
18/03/2010,861.5
19/03/2010,862
22/03/2010,856.5
23/03/2010,841
24/03/2010,846
25/03/2010,797.5
26/03/2010,782
29/03/2010,790
30/03/2010,792.5
31/03/2010,824.5
01/04/2010,844
05/04/2010,890.5
06/04/2010,930.5
07/04/2010,978
08/04/2010,970
09/04/2010,970.5
12/04/2010,954
13/04/2010,925.5
14/04/2010,895
15/04/2010,859.5
16/04/2010,835
19/04/2010,815.5
20/04/2010,800
22/04/2010,797.5
23/04/2010,805.5
26/04/2010,802
27/04/2010,792.5
28/04/2010,790.5
29/04/2010,787
30/04/2010,780.5
03/05/2010,781
04/05/2010,773
05/05/2010,773.5
06/05/2010,776.5
07/05/2010,770
10/05/2010,774.5
11/05/2010,774.5
12/05/2010,769.5
13/05/2010,768.5
14/05/2010,768
17/05/2010,765
18/05/2010,768
19/05/2010,770
20/05/2010,763.5
21/05/2010,762
24/05/2010,762.5
25/05/2010,754
26/05/2010,750.5
27/05/2010,741.5
28/05/2010,739.5
31/05/2010,747
01/06/2010,742.5
02/06/2010,742.5
04/06/2010,736
07/06/2010,732.5
08/06/2010,738
09/06/2010,739.5
10/06/2010,735.5
11/06/2010,741
14/06/2010,744.5
15/06/2010,750.5
16/06/2010,778.5
17/06/2010,787.5
18/06/2010,788.5
21/06/2010,795.5
22/06/2010,789
23/06/2010,784
24/06/2010,776
25/06/2010,773.5
28/06/2010,773
29/06/2010,776.5
30/06/2010,781
01/07/2010,780
02/07/2010,768
05/07/2010,783
06/07/2010,798.5
07/07/2010,819.5
08/07/2010,821.5
12/07/2010,857.5
13/07/2010,874
14/07/2010,884.5
15/07/2010,882.5
16/07/2010,873.5
19/07/2010,875.5
20/07/2010,875.5
21/07/2010,870
22/07/2010,861
23/07/2010,860.5
26/07/2010,856.5
27/07/2010,850
28/07/2010,850.5
29/07/2010,862.5
30/07/2010,874
02/08/2010,891.5
03/08/2010,892
04/08/2010,896
05/08/2010,895
06/08/2010,893.5
09/08/2010,891.5
10/08/2010,888
11/08/2010,887
12/08/2010,887.5
13/08/2010,887.5
16/08/2010,887
17/08/2010,882
18/08/2010,885.5
19/08/2010,884.5
20/08/2010,881
23/08/2010,882
24/08/2010,875.5
25/08/2010,876.5
26/08/2010,885
27/08/2010,885
30/08/2010,883
31/08/2010,881.5
01/09/2010,883.5
02/09/2010,888
03/09/2010,889
06/09/2010,892.5
08/09/2010,893.5
09/09/2010,895
10/09/2010,899.5
13/09/2010,905
14/09/2010,909
15/09/2010,915.5
16/09/2010,930.5
17/09/2010,933
20/09/2010,938.5
21/09/2010,950
22/09/2010,954
23/09/2010,955.5
24/09/2010,962.5
27/09/2010,986.5
28/09/2010,1013
29/09/2010,1020.5
30/09/2010,1020
01/10/2010,1018
04/10/2010,1025
05/10/2010,1023
06/10/2010,1023.5
07/10/2010,1025
08/10/2010,1023.5
11/10/2010,1021.5
13/10/2010,1026
14/10/2010,1027
15/10/2010,1028.5
18/10/2010,1029.5
19/10/2010,1029.5
20/10/2010,1026
21/10/2010,1026
22/10/2010,1027.5
25/10/2010,1023.5
26/10/2010,1022
27/10/2010,1024
28/10/2010,1024
29/10/2010,1023
01/11/2010,1024
03/11/2010,1025
04/11/2010,1026
05/11/2010,1026
08/11/2010,1035.5
09/11/2010,1040.5
10/11/2010,1043
11/11/2010,1044
12/11/2010,1045.5
16/11/2010,1049
17/11/2010,1049
18/11/2010,1054
19/11/2010,1054.5
22/11/2010,1061
23/11/2010,1078.5
24/11/2010,1082
25/11/2010,1086.5
26/11/2010,1091
29/11/2010,1100
30/11/2010,1100.5
01/12/2010,1103.5
02/12/2010,1110
03/12/2010,1113
06/12/2010,1120.5
07/12/2010,1121
08/12/2010,1119
09/12/2010,1114.5
10/12/2010,1114.5
13/12/2010,1116.5
14/12/2010,1117
15/12/2010,1123.5
16/12/2010,1125.5
17/12/2010,1136
20/12/2010,1138.5
21/12/2010,1138.5
22/12/2010,1139
23/12/2010,1146
27/12/2010,1152.5
28/12/2010,1153.5
29/12/2010,1170.5
30/12/2010,1173
03/01/2011,1167
04/01/2011,1166.5
05/01/2011,1159
06/01/2011,1155
07/01/2011,1158
10/01/2011,1155.5
11/01/2011,1154.5
12/01/2011,1152.5
13/01/2011,1152.5
14/01/2011,1152
17/01/2011,1155
18/01/2011,1154
19/01/2011,1155.5
20/01/2011,1159.5
21/01/2011,1162.5
24/01/2011,1154.5
26/01/2011,1165.5
27/01/2011,1157.5
28/01/2011,1159.5
31/01/2011,1159.5
01/02/2011,1160
02/02/2011,1165
03/02/2011,1162.5
04/02/2011,1167
07/02/2011,1170
08/02/2011,1180.5
09/02/2011,1189
10/02/2011,1206.5
11/02/2011,1219.5
14/02/2011,1224.5
15/02/2011,1229
16/02/2011,1235.5
17/02/2011,1237.5
18/02/2011,1245
21/02/2011,1252.5
22/02/2011,1256.5
23/02/2011,1276
24/02/2011,1301
25/02/2011,1321
28/02/2011,1349.5
01/03/2011,1375
02/03/2011,1392.5
03/03/2011,1400.5
04/03/2011,1395.5
09/03/2011,1394.5
10/03/2011,1416.5
11/03/2011,1429.5
14/03/2011,1432.5
15/03/2011,1459
16/03/2011,1531.5
17/03/2011,1599.5
18/03/2011,1642
21/03/2011,1662.5
22/03/2011,1686
23/03/2011,1694
24/03/2011,1667.5
25/03/2011,1629
28/03/2011,1612
29/03/2011,1571.5
30/03/2011,1537
31/03/2011,1507.5
01/04/2011,1457
04/04/2011,1450
05/04/2011,1447
06/04/2011,1426.5
07/04/2011,1419
08/04/2011,1418.5
11/04/2011,1418
12/04/2011,1417
13/04/2011,1419
14/04/2011,1453
15/04/2011,1470.5
18/04/2011,1500.5
19/04/2011,1509
20/04/2011,1495
25/04/2011,1449
26/04/2011,1427.5
27/04/2011,1386
28/04/2011,1340
29/04/2011,1304.5
02/05/2011,1266
03/05/2011,1210
04/05/2011,1144.5
05/05/2011,1056
06/05/2011,1021.5
09/05/2011,1020.5
10/05/2011,1017
11/05/2011,1013.5
12/05/2011,1017.5
13/05/2011,1017.5
16/05/2011,1018
17/05/2011,1022
18/05/2011,1026
19/05/2011,1032.5
20/05/2011,1040.5
23/05/2011,1058.5
24/05/2011,1069
25/05/2011,1065
26/05/2011,1063.5
27/05/2011,1064
30/05/2011,1057
31/05/2011,1062.5
01/06/2011,1052.5
02/06/2011,1058.5
03/06/2011,1058
06/06/2011,1068
07/06/2011,1077
08/06/2011,1109
09/06/2011,1150
10/06/2011,1161.5
13/06/2011,1174.5
14/06/2011,1192.5
15/06/2011,1195.5
16/06/2011,1198
17/06/2011,1198
20/06/2011,1199
21/06/2011,1199.5
22/06/2011,1199
24/06/2011,1197
27/06/2011,1201.5
28/06/2011,1200.5
29/06/2011,1205
30/06/2011,1202
01/07/2011,1200
04/07/2011,1192.5
05/07/2011,1186
06/07/2011,1181.5
07/07/2011,1181
08/07/2011,1174
11/07/2011,1175.5
12/07/2011,1176.5
13/07/2011,1182.5
14/07/2011,1183
15/07/2011,1184.5
18/07/2011,1184.5
19/07/2011,1180.5
20/07/2011,1178
21/07/2011,1186
22/07/2011,1186
25/07/2011,1174
26/07/2011,1177.5
27/07/2011,1183
28/07/2011,1182.5
29/07/2011,1183.5
01/08/2011,1182
02/08/2011,1173
03/08/2011,1177.5
04/08/2011,1176.5
05/08/2011,1183.5
08/08/2011,1182.5
09/08/2011,1181.5
10/08/2011,1192
11/08/2011,1201
12/08/2011,1208
15/08/2011,1220
16/08/2011,1251.5
17/08/2011,1263
18/08/2011,1266.5
19/08/2011,1275
22/08/2011,1284.5
23/08/2011,1288
24/08/2011,1293
25/08/2011,1291.5
26/08/2011,1294
29/08/2011,1290
30/08/2011,1280
31/08/2011,1278
01/09/2011,1276.5
02/09/2011,1274.5
05/09/2011,1268.5
06/09/2011,1266.5
08/09/2011,1263.5
09/09/2011,1255.5
12/09/2011,1253.5
13/09/2011,1255
14/09/2011,1253.5
15/09/2011,1253.5
16/09/2011,1253.5
19/09/2011,1238.5
20/09/2011,1235
21/09/2011,1233
22/09/2011,1228
23/09/2011,1223.5
26/09/2011,1222
27/09/2011,1223.5
28/09/2011,1227
29/09/2011,1224.5
30/09/2011,1228
03/10/2011,1240.5
04/10/2011,1244.5
05/10/2011,1252.5
06/10/2011,1274.5
07/10/2011,1274
10/10/2011,1275.5
11/10/2011,1277.5
13/10/2011,1272.5
14/10/2011,1273
17/10/2011,1276.5
18/10/2011,1278
19/10/2011,1283
20/10/2011,1287
21/10/2011,1293.5
24/10/2011,1296.5
25/10/2011,1303.5
26/10/2011,1307
27/10/2011,1311
28/10/2011,1312
31/10/2011,1311
01/11/2011,1314.5
03/11/2011,1314.5
04/11/2011,1313.5
07/11/2011,1317
08/11/2011,1318.5
09/11/2011,1319
10/11/2011,1320.5
11/11/2011,1328
14/11/2011,1327
16/11/2011,1329
17/11/2011,1328.5
18/11/2011,1330.5
21/11/2011,1333
22/11/2011,1330.5
23/11/2011,1338
24/11/2011,1338
25/11/2011,1336
28/11/2011,1332.5
29/11/2011,1328.5
30/11/2011,1326
01/12/2011,1328
02/12/2011,1325.5
05/12/2011,1323
06/12/2011,1324
07/12/2011,1317.5
08/12/2011,1325
09/12/2011,1322
12/12/2011,1314
13/12/2011,1317
14/12/2011,1310.5
15/12/2011,1307.5
16/12/2011,1299.5
19/12/2011,1289.5
20/12/2011,1282
21/12/2011,1281
22/12/2011,1280.5
23/12/2011,1275
26/12/2011,1263.5
27/12/2011,1250
28/12/2011,1232
29/12/2011,1231.5
02/01/2012,1230.5
03/01/2012,1231.5
04/01/2012,1239.5
05/01/2012,1248.5
06/01/2012,1259
09/01/2012,1265
10/01/2012,1266.5
11/01/2012,1266
12/01/2012,1264.5
13/01/2012,1262.5
16/01/2012,1248
17/01/2012,1237.5
18/01/2012,1209.5
19/01/2012,1182.5
20/01/2012,1172
23/01/2012,1160
24/01/2012,1145
26/01/2012,1138.5
27/01/2012,1137
30/01/2012,1127
31/01/2012,1126.5
01/02/2012,1128
02/02/2012,1115
03/02/2012,1124
06/02/2012,1120.5
07/02/2012,1134.5
08/02/2012,1135
09/02/2012,1139.5
10/02/2012,1172.5
13/02/2012,1190
14/02/2012,1203.5
15/02/2012,1218
16/02/2012,1220.5
17/02/2012,1218.5
22/02/2012,1220
23/02/2012,1216
24/02/2012,1212
27/02/2012,1213.5
28/02/2012,1218.5
29/02/2012,1225.5
01/03/2012,1233.5
02/03/2012,1237
05/03/2012,1238
06/03/2012,1239.5
07/03/2012,1249
08/03/2012,1251.5
09/03/2012,1254.5
12/03/2012,1256
13/03/2012,1256
14/03/2012,1251.5
15/03/2012,1249.5
16/03/2012,1251.5
19/03/2012,1248
20/03/2012,1249.5
21/03/2012,1250
22/03/2012,1254.5
23/03/2012,1271.5
26/03/2012,1267
27/03/2012,1264
28/03/2012,1263.5
29/03/2012,1261.5
30/03/2012,1260.5
02/04/2012,1261
03/04/2012,1263
04/04/2012,1262
05/04/2012,1262.5
09/04/2012,1262
10/04/2012,1259.5
11/04/2012,1256
12/04/2012,1243.5
13/04/2012,1232
16/04/2012,1224
17/04/2012,1211
18/04/2012,1205.5
19/04/2012,1204.5
20/04/2012,1197
23/04/2012,1184.5
24/04/2012,1183.5
25/04/2012,1186
26/04/2012,1194.5
27/04/2012,1203
30/04/2012,1208
02/05/2012,1208.5
03/05/2012,1216.5
04/05/2012,1215.5
07/05/2012,1216
08/05/2012,1207
09/05/2012,1204.5
10/05/2012,1206.5
11/05/2012,1203
14/05/2012,1212
15/05/2012,1211
16/05/2012,1192
17/05/2012,1190
18/05/2012,1183.5
21/05/2012,1179
22/05/2012,1164
23/05/2012,1158
24/05/2012,1156
25/05/2012,1157.5
28/05/2012,1158
29/05/2012,1152
30/05/2012,1151
31/05/2012,1138
01/06/2012,1136.5
04/06/2012,1130
05/06/2012,1134.5
06/06/2012,1134.5
08/06/2012,1128.5
11/06/2012,1129.5
12/06/2012,1132
13/06/2012,1134.5
14/06/2012,1134
15/06/2012,1134.5
18/06/2012,1133.5
19/06/2012,1133.5
20/06/2012,1132.5
21/06/2012,1133.5
22/06/2012,1134.5
25/06/2012,1138.5
26/06/2012,1132
27/06/2012,1127
28/06/2012,1126
29/06/2012,1121
02/07/2012,1123
03/07/2012,1112.5
04/07/2012,1109
05/07/2012,1114.5
06/07/2012,1115
10/07/2012,1108.5
11/07/2012,1103.5
12/07/2012,1103
13/07/2012,1104.5
16/07/2012,1103
17/07/2012,1101.5
18/07/2012,1101
19/07/2012,1105
20/07/2012,1102.5
23/07/2012,1105
24/07/2012,1103
25/07/2012,1106.5
26/07/2012,1107
27/07/2012,1106
30/07/2012,1105
31/07/2012,1105.5
01/08/2012,1101.5
02/08/2012,1088.5
03/08/2012,1086
06/08/2012,1087
07/08/2012,1076.5
08/08/2012,1072.5
09/08/2012,1072.5
10/08/2012,1080
13/08/2012,1073
14/08/2012,1073.5
15/08/2012,1074
16/08/2012,1076.5
17/08/2012,1076
20/08/2012,1076.5
21/08/2012,1078
22/08/2012,1080.5
23/08/2012,1083.5
24/08/2012,1084
27/08/2012,1091
28/08/2012,1110.5
29/08/2012,1107
30/08/2012,1128.5
31/08/2012,1129
03/09/2012,1134
04/09/2012,1129.5
05/09/2012,1134
06/09/2012,1127
10/09/2012,1121
11/09/2012,1124
12/09/2012,1126
13/09/2012,1120.5
14/09/2012,1114
17/09/2012,1103.5
18/09/2012,1094.5
19/09/2012,1086.5
20/09/2012,1085.5
21/09/2012,1083
24/09/2012,1086.5
25/09/2012,1090
26/09/2012,1087.5
27/09/2012,1085
28/09/2012,1087.5
01/10/2012,1085.5
02/10/2012,1078.5
03/10/2012,1068.5
04/10/2012,1071
05/10/2012,1072.5
08/10/2012,1064.5
09/10/2012,1062
10/10/2012,1061.5
11/10/2012,1061.5
15/10/2012,1057.5
16/10/2012,1056.5
17/10/2012,1056
18/10/2012,1052
19/10/2012,1048
22/10/2012,1055.5
23/10/2012,1055
24/10/2012,1057.5
25/10/2012,1056
26/10/2012,1062.5
29/10/2012,1061
30/10/2012,1062
31/10/2012,1059.5
01/11/2012,1076.5
05/11/2012,1090
06/11/2012,1100
07/11/2012,1105
08/11/2012,1123
09/11/2012,1154
12/11/2012,1160.5
13/11/2012,1165.5
14/11/2012,1167
16/11/2012,1167.5
19/11/2012,1168
21/11/2012,1167
22/11/2012,1163.5
23/11/2012,1165
26/11/2012,1180
27/11/2012,1181.5
28/11/2012,1186
29/11/2012,1193.5
30/11/2012,1193
03/12/2012,1193
04/12/2012,1192
05/12/2012,1193.5
06/12/2012,1191.5
07/12/2012,1192.5
10/12/2012,1192.5
11/12/2012,1183.5
12/12/2012,1176.5
13/12/2012,1181
14/12/2012,1180.5
17/12/2012,1182.5
18/12/2012,1181.5
19/12/2012,1183
20/12/2012,1182
21/12/2012,1181.5
26/12/2012,1182.5
27/12/2012,1187
28/12/2012,1187.5
02/01/2013,1194.5
03/01/2013,1197.5
04/01/2013,1195.5
07/01/2013,1195
08/01/2013,1197
09/01/2013,1194.5
10/01/2013,1196
11/01/2013,1192.5
14/01/2013,1193
15/01/2013,1193
16/01/2013,1193.5
17/01/2013,1195.5
18/01/2013,1197
21/01/2013,1201.5
22/01/2013,1204
23/01/2013,1201
24/01/2013,1203
25/01/2013,1202
28/01/2013,1201.5
29/01/2013,1200
30/01/2013,1214
31/01/2013,1232.5
01/02/2013,1236
04/02/2013,1236.5
05/02/2013,1250
06/02/2013,1256.5
07/02/2013,1266
08/02/2013,1272.5
13/02/2013,1274.5
14/02/2013,1283
15/02/2013,1295
18/02/2013,1306
19/02/2013,1310.5
20/02/2013,1313
21/02/2013,1316.5
22/02/2013,1316.5
25/02/2013,1314
26/02/2013,1314
27/02/2013,1314.5
28/02/2013,1312.5
01/03/2013,1313.5
04/03/2013,1310.5
05/03/2013,1311.5
06/03/2013,1310.5
07/03/2013,1305.5
08/03/2013,1305
11/03/2013,1305.5
12/03/2013,1300
13/03/2013,1294
14/03/2013,1283
15/03/2013,1279
18/03/2013,1271
19/03/2013,1260.5
20/03/2013,1251.5
21/03/2013,1253.5
22/03/2013,1249
25/03/2013,1251.5
26/03/2013,1253
27/03/2013,1261
28/03/2013,1260.5
01/04/2013,1255
02/04/2013,1253.5
03/04/2013,1264.5
04/04/2013,1312.5
05/04/2013,1314.5
08/04/2013,1325.5
09/04/2013,1329
10/04/2013,1342
11/04/2013,1347.5
12/04/2013,1353.5
15/04/2013,1365.5
16/04/2013,1361
17/04/2013,1356.5
18/04/2013,1334
19/04/2013,1311.5
22/04/2013,1293
23/04/2013,1255.5
24/04/2013,1237
25/04/2013,1215
26/04/2013,1198
29/04/2013,1189
30/04/2013,1184
02/05/2013,1170.5
03/05/2013,1160
06/05/2013,1145
07/05/2013,1137.5
08/05/2013,1137.5
09/05/2013,1133
10/05/2013,1123
13/05/2013,1107
14/05/2013,1096.5
15/05/2013,1073.5
16/05/2013,1047.5
17/05/2013,1034
20/05/2013,1030
21/05/2013,1023.5
23/05/2013,1014
24/05/2013,1018.5
27/05/2013,1023.5
28/05/2013,1026.5
29/05/2013,1025.5
31/05/2013,1024.5
03/06/2013,1030
04/06/2013,1043.5
05/06/2013,1049
06/06/2013,1058.5
07/06/2013,1057
10/06/2013,1054
11/06/2013,1061.5
12/06/2013,1075.5
13/06/2013,1078.5
14/06/2013,1080.5
17/06/2013,1081.5
18/06/2013,1080.5
19/06/2013,1079
20/06/2013,1083.5
21/06/2013,1082.5
24/06/2013,1086.5
25/06/2013,1091.5
26/06/2013,1092
27/06/2013,1097
28/06/2013,1094
01/07/2013,1094.5
02/07/2013,1088.5
03/07/2013,1090
04/07/2013,1087.5
05/07/2013,1075
08/07/2013,1069.5
10/07/2013,1067.5
11/07/2013,1065
12/07/2013,1060.5
15/07/2013,1047.5
16/07/2013,1045.5
17/07/2013,1033
18/07/2013,1023
19/07/2013,1018.5
22/07/2013,1014.5
23/07/2013,1015
24/07/2013,1013.5
25/07/2013,1015
26/07/2013,1020.5
29/07/2013,1019
30/07/2013,1021.5
31/07/2013,1022
01/08/2013,1021
02/08/2013,1021.5
05/08/2013,1021.5
06/08/2013,1021
07/08/2013,1018.5
08/08/2013,1015.5
09/08/2013,1016.5
12/08/2013,1014
13/08/2013,1016
14/08/2013,1014
15/08/2013,1013.5
16/08/2013,1013
19/08/2013,1013.5
20/08/2013,1014
21/08/2013,1019.5
22/08/2013,1022.5
23/08/2013,1033.5
26/08/2013,1045
27/08/2013,1045.5
28/08/2013,1050.5
29/08/2013,1056.5
30/08/2013,1053
02/09/2013,1056
03/09/2013,1053.5
04/09/2013,1054.5
05/09/2013,1059.5
06/09/2013,1059.5
09/09/2013,1068
10/09/2013,1066
11/09/2013,1070
12/09/2013,1064
13/09/2013,1066.5
16/09/2013,1064
17/09/2013,1068.5
18/09/2013,1069
19/09/2013,1073.5
20/09/2013,1071.5
23/09/2013,1080.5
24/09/2013,1093.5
25/09/2013,1102.5
26/09/2013,1090.5
27/09/2013,1083.5
30/09/2013,1094.5
01/10/2013,1096
02/10/2013,1099.5
03/10/2013,1102.5
04/10/2013,1101.5
07/10/2013,1106.5
08/10/2013,1102
09/10/2013,1102.5
10/10/2013,1108
11/10/2013,1110
14/10/2013,1108.5
15/10/2013,1104
16/10/2013,1106
17/10/2013,1107.5
18/10/2013,1112
21/10/2013,1108
22/10/2013,1107.5
23/10/2013,1106
24/10/2013,1103
25/10/2013,1102.5
28/10/2013,1098
29/10/2013,1101.5
30/10/2013,1098
31/10/2013,1096.5
01/11/2013,1105
04/11/2013,1105
05/11/2013,1103
06/11/2013,1107
07/11/2013,1108.5
08/11/2013,1124
11/11/2013,1135.5
12/11/2013,1150.5
13/11/2013,1152.5
14/11/2013,1148
18/11/2013,1152
19/11/2013,1159.5
21/11/2013,1160
22/11/2013,1161.5
25/11/2013,1172
26/11/2013,1177
27/11/2013,1185
28/11/2013,1187.5
29/11/2013,1188.5
02/12/2013,1201.5
03/12/2013,1218.5
04/12/2013,1228.5
05/12/2013,1238
06/12/2013,1235.5
09/12/2013,1241.5
10/12/2013,1236
11/12/2013,1230
12/12/2013,1231
13/12/2013,1232
16/12/2013,1224.5
17/12/2013,1223.5
18/12/2013,1214
19/12/2013,1222
20/12/2013,1223
23/12/2013,1221.5
26/12/2013,1217.5
27/12/2013,1220
30/12/2013,1223
02/01/2014,1226
03/01/2014,1220.5
06/01/2014,1222.5
07/01/2014,1225
08/01/2014,1224
09/01/2014,1224.5
10/01/2014,1231.5
13/01/2014,1237
14/01/2014,1228
15/01/2014,1224.5
16/01/2014,1224.5
17/01/2014,1226
20/01/2014,1227.5
21/01/2014,1222
22/01/2014,1218
23/01/2014,1221
24/01/2014,1227.5
27/01/2014,1219.5
28/01/2014,1218.5
29/01/2014,1222.5
30/01/2014,1229
31/01/2014,1232.5
03/02/2014,1237
04/02/2014,1247.5
05/02/2014,1259
06/02/2014,1273.5
07/02/2014,1293.5
10/02/2014,1297.5
11/02/2014,1309.5
12/02/2014,1312.5
13/02/2014,1318.5
14/02/2014,1329
17/02/2014,1334.5
18/02/2014,1355.5
19/02/2014,1357
20/02/2014,1358.5
21/02/2014,1365.5
24/02/2014,1371
25/02/2014,1376
26/02/2014,1374
27/02/2014,1375
28/02/2014,1375.5
05/03/2014,1383
06/03/2014,1379.5
07/03/2014,1384.5
10/03/2014,1366.5
11/03/2014,1373.5
12/03/2014,1371
13/03/2014,1371.5
14/03/2014,1366.5
17/03/2014,1363.5
18/03/2014,1361
19/03/2014,1352.5
20/03/2014,1357.5
21/03/2014,1353.5
24/03/2014,1343
25/03/2014,1338.5
26/03/2014,1329.5
27/03/2014,1327.5
28/03/2014,1302.5
31/03/2014,1293.5
01/04/2014,1273.5
02/04/2014,1241.5
03/04/2014,1235
04/04/2014,1217
07/04/2014,1221.5
08/04/2014,1222.5
09/04/2014,1239
10/04/2014,1274
11/04/2014,1309
14/04/2014,1348
15/04/2014,1375
16/04/2014,1375
17/04/2014,1336
22/04/2014,1339
23/04/2014,1315.5
24/04/2014,1286.5
25/04/2014,1249
28/04/2014,1233.5
29/04/2014,1208
30/04/2014,1176.5
02/05/2014,1155.5
05/05/2014,1155.5
06/05/2014,1122
07/05/2014,1108
08/05/2014,1106
09/05/2014,1111.5
12/05/2014,1109.5
13/05/2014,1114
14/05/2014,1126.5
15/05/2014,1138.5
16/05/2014,1154
19/05/2014,1152
20/05/2014,1149.5
21/05/2014,1138.5
22/05/2014,1124
23/05/2014,1123.5
26/05/2014,1132.5
27/05/2014,1128
28/05/2014,1125.5
29/05/2014,1130.5
30/05/2014,1130
02/06/2014,1136.5
03/06/2014,1132
04/06/2014,1142
05/06/2014,1150.5
06/06/2014,1151
09/06/2014,1151.5
10/06/2014,1148.5
11/06/2014,1148.5
13/06/2014,1145.5
16/06/2014,1151
17/06/2014,1150.5
18/06/2014,1150
20/06/2014,1157
23/06/2014,1150
24/06/2014,1149.5
25/06/2014,1151
26/06/2014,1162
27/06/2014,1161
30/06/2014,1166
01/07/2014,1163
02/07/2014,1164
03/07/2014,1174
04/07/2014,1164
07/07/2014,1162
08/07/2014,1169
10/07/2014,1174.5
11/07/2014,1173.5
14/07/2014,1166
15/07/2014,1168
16/07/2014,1173.5
17/07/2014,1170
18/07/2014,1167.5
21/07/2014,1159
22/07/2014,1143
23/07/2014,1134.5
24/07/2014,1145.5
25/07/2014,1139
28/07/2014,1138
29/07/2014,1139.5
30/07/2014,1137.5
31/07/2014,1138.5
01/08/2014,1139
04/08/2014,1137
05/08/2014,1131
06/08/2014,1135.5
07/08/2014,1137.5
08/08/2014,1144.5
11/08/2014,1130.5
12/08/2014,1132.5
13/08/2014,1138
14/08/2014,1130.5
15/08/2014,1137.5
18/08/2014,1133
19/08/2014,1141
20/08/2014,1141
21/08/2014,1146
22/08/2014,1147.5
25/08/2014,1158
26/08/2014,1165.5
27/08/2014,1170.5
28/08/2014,1178
29/08/2014,1165.5
01/09/2014,1166.5
02/09/2014,1163.5
03/09/2014,1158.5
04/09/2014,1157
05/09/2014,1157.5
08/09/2014,1157
09/09/2014,1153
10/09/2014,1157.5
11/09/2014,1153.5
12/09/2014,1151.5
15/09/2014,1146.5
16/09/2014,1140.5
17/09/2014,1137
18/09/2014,1136
19/09/2014,1126
22/09/2014,1122.5
23/09/2014,1116
24/09/2014,1114.5
25/09/2014,1107
26/09/2014,1100
29/09/2014,1089
30/09/2014,1093.5
01/10/2014,1093
02/10/2014,1088
03/10/2014,1081.5
06/10/2014,1078
07/10/2014,1076
08/10/2014,1076.5
09/10/2014,1076
10/10/2014,1067
13/10/2014,1075.5
14/10/2014,1074
15/10/2014,1081
16/10/2014,1081.5
17/10/2014,1080.5
20/10/2014,1078.5
21/10/2014,1074
22/10/2014,1072
23/10/2014,1065.5
24/10/2014,1065
27/10/2014,1063
28/10/2014,1068.5
29/10/2014,1070.5
30/10/2014,1072
31/10/2014,1073.5
03/11/2014,1083
04/11/2014,1106.5
05/11/2014,1118.5
06/11/2014,1130
07/11/2014,1121.5
10/11/2014,1143.5
11/11/2014,1148
12/11/2014,1158
13/11/2014,1155.5
14/11/2014,1167.5
17/11/2014,1171.5
18/11/2014,1166.5
19/11/2014,1164
21/11/2014,1165
24/11/2014,1166
25/11/2014,1167.5
26/11/2014,1172.5
27/11/2014,1173
28/11/2014,1175
01/12/2014,1183
02/12/2014,1194
03/12/2014,1198.5
04/12/2014,1199
05/12/2014,1209.5
08/12/2014,1210.5
09/12/2014,1209.5
10/12/2014,1199.5
11/12/2014,1198.5
12/12/2014,1202
15/12/2014,1208
16/12/2014,1208.5
17/12/2014,1202.5
18/12/2014,1209
19/12/2014,1204
22/12/2014,1204.5
23/12/2014,1200
26/12/2014,1205
29/12/2014,1202.5
30/12/2014,1208.5
02/01/2015,1209.5
05/01/2015,1205
06/01/2015,1222.5
07/01/2015,1216
08/01/2015,1214
09/01/2015,1210.5
12/01/2015,1221
13/01/2015,1220.5
14/01/2015,1210.5
15/01/2015,1207
16/01/2015,1217
19/01/2015,1231.5
20/01/2015,1255.5
21/01/2015,1320.5
22/01/2015,1330.5
23/01/2015,1326.5
26/01/2015,1330
27/01/2015,1333.5
28/01/2015,1334
29/01/2015,1339
30/01/2015,1343
02/02/2015,1352.5
03/02/2015,1353
04/02/2015,1345.5
05/02/2015,1339.5
06/02/2015,1337.5
09/02/2015,1337.5
10/02/2015,1338
11/02/2015,1332
12/02/2015,1322.5
13/02/2015,1332.5
18/02/2015,1333.5
19/02/2015,1324
20/02/2015,1307
23/02/2015,1298
24/02/2015,1286
25/02/2015,1268.5
26/02/2015,1251
27/02/2015,1236
02/03/2015,1231
03/03/2015,1215.5
04/03/2015,1211
05/03/2015,1208.5
06/03/2015,1220
09/03/2015,1225.5
10/03/2015,1215
11/03/2015,1189
12/03/2015,1186.5
13/03/2015,1157
16/03/2015,1155
17/03/2015,1151.5
18/03/2015,1150.5
19/03/2015,1146.5
20/03/2015,1157
23/03/2015,1183
24/03/2015,1196
25/03/2015,1206
26/03/2015,1208
27/03/2015,1210.5
30/03/2015,1204.5
31/03/2015,1202
01/04/2015,1202
02/04/2015,1212.5
06/04/2015,1201.5
07/04/2015,1197
08/04/2015,1193.5
09/04/2015,1198
10/04/2015,1196.5
13/04/2015,1208.5
14/04/2015,1203
15/04/2015,1201
16/04/2015,1208
17/04/2015,1214
20/04/2015,1213
22/04/2015,1207
23/04/2015,1207.5
24/04/2015,1208
27/04/2015,1208.5
28/04/2015,1203
29/04/2015,1202
30/04/2015,1198.5
04/05/2015,1191
05/05/2015,1181
06/05/2015,1167.5
07/05/2015,1165.5
08/05/2015,1164
11/05/2015,1174
12/05/2015,1170.5
13/05/2015,1171
14/05/2015,1171
15/05/2015,1164
18/05/2015,1169.5
19/05/2015,1161.5
20/05/2015,1158.5
21/05/2015,1149
22/05/2015,1146
25/05/2015,1140
26/05/2015,1137.5
27/05/2015,1140.5
28/05/2015,1143
29/05/2015,1150
01/06/2015,1156
02/06/2015,1162
03/06/2015,1178.5
05/06/2015,1169
08/06/2015,1174.5
09/06/2015,1163.5
10/06/2015,1161.5
11/06/2015,1159.5
12/06/2015,1152
15/06/2015,1161.5
16/06/2015,1149
17/06/2015,1151.5
18/06/2015,1144.5
19/06/2015,1145
22/06/2015,1136.5
23/06/2015,1127.5
24/06/2015,1123.5
25/06/2015,1118
26/06/2015,1117
29/06/2015,1112.5
30/06/2015,1110
01/07/2015,1108.5
02/07/2015,1111.5
03/07/2015,1122
06/07/2015,1126
07/07/2015,1150.5
08/07/2015,1155
10/07/2015,1179.5
13/07/2015,1159.5
14/07/2015,1150.5
15/07/2015,1148
16/07/2015,1145.5
17/07/2015,1146
20/07/2015,1131.5
21/07/2015,1130
22/07/2015,1121
23/07/2015,1118.5
24/07/2015,1111.5
27/07/2015,1112.5
28/07/2015,1113.5
29/07/2015,1105.5
30/07/2015,1115
31/07/2015,1108.5
03/08/2015,1106
04/08/2015,1105
05/08/2015,1111
06/08/2015,1108
07/08/2015,1113.5
10/08/2015,1113
11/08/2015,1105.5
12/08/2015,1105
13/08/2015,1111
14/08/2015,1102
17/08/2015,1103
18/08/2015,1094
19/08/2015,1102
20/08/2015,1094.5
21/08/2015,1105
24/08/2015,1105.5
25/08/2015,1096.5
26/08/2015,1105
27/08/2015,1113
28/08/2015,1112
31/08/2015,1117.5
01/09/2015,1114
02/09/2015,1121.5
03/09/2015,1121.5
04/09/2015,1116.5
08/09/2015,1160.5
09/09/2015,1169.5
10/09/2015,1203
11/09/2015,1220
14/09/2015,1236
15/09/2015,1235
16/09/2015,1231.5
17/09/2015,1230.5
18/09/2015,1225.5
21/09/2015,1230.5
22/09/2015,1228.5
23/09/2015,1227
24/09/2015,1227.5
25/09/2015,1232.5
28/09/2015,1285
29/09/2015,1298
30/09/2015,1389.5
01/10/2015,1420.5
02/10/2015,1431
05/10/2015,1460
06/10/2015,1470
07/10/2015,1469.5
08/10/2015,1471.5
09/10/2015,1466.5
13/10/2015,1481
14/10/2015,1473.5
15/10/2015,1473
16/10/2015,1472.5
19/10/2015,1470.5
20/10/2015,1478.5
21/10/2015,1485
22/10/2015,1487.5
23/10/2015,1500.5
26/10/2015,1525
27/10/2015,1541
28/10/2015,1564
29/10/2015,1577.5
30/10/2015,1600.5
03/11/2015,1647
04/11/2015,1644.5
05/11/2015,1666
06/11/2015,1670.5
09/11/2015,1684.5
10/11/2015,1684.5
11/11/2015,1682
12/11/2015,1677
13/11/2015,1668
16/11/2015,1670
17/11/2015,1670
18/11/2015,1667.5
19/11/2015,1665.5
23/11/2015,1657
24/11/2015,1654
25/11/2015,1653
26/11/2015,1650
27/11/2015,1651
30/11/2015,1641.5
01/12/2015,1634
02/12/2015,1635
03/12/2015,1635.5
04/12/2015,1633
07/12/2015,1635
08/12/2015,1639
09/12/2015,1644
10/12/2015,1647.5
11/12/2015,1645.5
14/12/2015,1647
15/12/2015,1646
16/12/2015,1647
17/12/2015,1644
18/12/2015,1649.5
21/12/2015,1650.5
22/12/2015,1648.5
23/12/2015,1659.5
28/12/2015,1664.5
29/12/2015,1671
30/12/2015,1658
04/01/2016,1703.5
05/01/2016,1719.5
06/01/2016,1731.5
07/01/2016,1744.5
08/01/2016,1753.5
11/01/2016,1785
12/01/2016,1805
13/01/2016,1816.5
14/01/2016,1821.5
15/01/2016,1806
18/01/2016,1794
19/01/2016,1795
20/01/2016,1796
21/01/2016,1795.5
22/01/2016,1798
26/01/2016,1797.5
27/01/2016,1804
28/01/2016,1819
29/01/2016,1823
01/02/2016,1832.5
02/02/2016,1859
03/02/2016,1846
04/02/2016,1838.5
05/02/2016,1836
10/02/2016,1840
11/02/2016,1843
12/02/2016,1853.5
15/02/2016,1850.5
16/02/2016,1858
17/02/2016,1862
18/02/2016,1861
19/02/2016,1876.5
22/02/2016,1881
23/02/2016,1889.5
24/02/2016,1881.5
25/02/2016,1890.5
26/02/2016,1877.5
29/02/2016,1891
01/03/2016,1898
02/03/2016,1892.5
03/03/2016,1901
04/03/2016,1880
07/03/2016,1904
08/03/2016,1891
09/03/2016,1891
10/03/2016,1892.5
11/03/2016,1896.5
14/03/2016,1899.5
15/03/2016,1892.5
16/03/2016,1866
17/03/2016,1852
18/03/2016,1843.5
21/03/2016,1827
22/03/2016,1798.5
23/03/2016,1782.5
24/03/2016,1765.5
28/03/2016,1718
29/03/2016,1649.5
30/03/2016,1576
31/03/2016,1529.5
01/04/2016,1508
04/04/2016,1450.5
05/04/2016,1396
06/04/2016,1336.5
07/04/2016,1328
08/04/2016,1318.5
11/04/2016,1317.5
12/04/2016,1309
13/04/2016,1315
14/04/2016,1312
15/04/2016,1319.5
18/04/2016,1311
19/04/2016,1317.5
20/04/2016,1305.5
22/04/2016,1298.5
25/04/2016,1292
26/04/2016,1290.5
27/04/2016,1293
28/04/2016,1285
29/04/2016,1284.5
02/05/2016,1270.5
03/05/2016,1265
04/05/2016,1264
05/05/2016,1261.5
06/05/2016,1258
09/05/2016,1288
10/05/2016,1291
11/05/2016,1315
12/05/2016,1334
13/05/2016,1340.5
16/05/2016,1345.5
17/05/2016,1348.5
18/05/2016,1351.5
19/05/2016,1358.5
20/05/2016,1355
23/05/2016,1398.5
24/05/2016,1399
25/05/2016,1420
27/05/2016,1424
30/05/2016,1424.5
31/05/2016,1459
01/06/2016,1472.5
02/06/2016,1473.5
03/06/2016,1476.5
06/06/2016,1495.5
07/06/2016,1505
08/06/2016,1485.5
09/06/2016,1469.5
10/06/2016,1456
13/06/2016,1437.5
14/06/2016,1425.5
15/06/2016,1408
16/06/2016,1401.5
17/06/2016,1393.5
20/06/2016,1402.5
21/06/2016,1400
22/06/2016,1389
23/06/2016,1389.5
24/06/2016,1385.5
27/06/2016,1388.5
28/06/2016,1377.5
29/06/2016,1383
30/06/2016,1380.5
01/07/2016,1378
04/07/2016,1375.5
05/07/2016,1377
06/07/2016,1369
07/07/2016,1380.5
08/07/2016,1383.5
11/07/2016,1379
12/07/2016,1378.5
13/07/2016,1393
14/07/2016,1413
15/07/2016,1436.5
18/07/2016,1463.5
19/07/2016,1475
20/07/2016,1476.5
21/07/2016,1484.5
22/07/2016,1490.5
25/07/2016,1489.5
26/07/2016,1484
27/07/2016,1505
28/07/2016,1499
29/07/2016,1500
01/08/2016,1508
02/08/2016,1502.5
03/08/2016,1513
04/08/2016,1512.5
05/08/2016,1510
08/08/2016,1516.5
09/08/2016,1516
10/08/2016,1516.5
11/08/2016,1510.5
12/08/2016,1496.5
15/08/2016,1504
16/08/2016,1503
17/08/2016,1499.5
18/08/2016,1495
19/08/2016,1498.5
22/08/2016,1494
23/08/2016,1504
24/08/2016,1485
25/08/2016,1488.5
26/08/2016,1482.5
29/08/2016,1482.5
30/08/2016,1491
31/08/2016,1509
01/09/2016,1512
02/09/2016,1518.5
05/09/2016,1536.5
06/09/2016,1547
08/09/2016,1538
09/09/2016,1543.5
12/09/2016,1537.5
13/09/2016,1547
14/09/2016,1560.5
15/09/2016,1582
16/09/2016,1594
19/09/2016,1611.5
20/09/2016,1640
21/09/2016,1637
22/09/2016,1647.5
23/09/2016,1648.5
26/09/2016,1653.5
27/09/2016,1667
28/09/2016,1667
29/09/2016,1671
30/09/2016,1670
03/10/2016,1680
04/10/2016,1690.5
05/10/2016,1694
06/10/2016,1725
07/10/2016,1750
10/10/2016,1782
11/10/2016,1797
13/10/2016,1862
14/10/2016,1865.5
17/10/2016,1864.5
18/10/2016,1862.5
19/10/2016,1847
20/10/2016,1843.5
21/10/2016,1844
24/10/2016,1848.5
25/10/2016,1841
26/10/2016,1833
27/10/2016,1838.5
28/10/2016,1839
31/10/2016,1829.5
01/11/2016,1833
03/11/2016,1829.5
04/11/2016,1834.5
07/11/2016,1832.5
08/11/2016,1829.5
09/11/2016,1828
10/11/2016,1818
11/11/2016,1818
14/11/2016,1826.5
16/11/2016,1810
17/11/2016,1811
18/11/2016,1803
21/11/2016,1799
22/11/2016,1796.5
23/11/2016,1789.5
24/11/2016,1789.5
25/11/2016,1785
28/11/2016,1779
29/11/2016,1777
30/11/2016,1772
01/12/2016,1774.5
02/12/2016,1779
05/12/2016,1777
06/12/2016,1829.5
07/12/2016,1841.5
08/12/2016,1833.5
09/12/2016,1840.5
12/12/2016,1832
13/12/2016,1841
14/12/2016,1823
15/12/2016,1813
16/12/2016,1812.5
19/12/2016,1812
20/12/2016,1797.5
21/12/2016,1805
22/12/2016,1807
23/12/2016,1804.5
26/12/2016,1808
27/12/2016,1804.5
28/12/2016,1806.5
29/12/2016,1813
02/01/2017,1924.5
03/01/2017,1917
04/01/2017,1918.5
05/01/2017,1913
06/01/2017,1909
09/01/2017,1914
10/01/2017,1909
11/01/2017,1911.5
12/01/2017,1908.5
13/01/2017,1897
16/01/2017,1892
17/01/2017,1869.5
18/01/2017,1867.5
19/01/2017,1872
20/01/2017,1864
23/01/2017,1854.5
24/01/2017,1840.5
26/01/2017,1827
27/01/2017,1825
30/01/2017,1811.5
31/01/2017,1806
01/02/2017,1805
02/02/2017,1802
03/02/2017,1803
06/02/2017,1800
07/02/2017,1776.5
08/02/2017,1779
09/02/2017,1769.5
10/02/2017,1767.5
13/02/2017,1765
14/02/2017,1740.5
15/02/2017,1731.5
16/02/2017,1717
17/02/2017,1688
20/02/2017,1679.5
21/02/2017,1672.5
22/02/2017,1667.5
23/02/2017,1668.5
24/02/2017,1658
01/03/2017,1644
02/03/2017,1619.5
03/03/2017,1607
06/03/2017,1576
07/03/2017,1560.5
08/03/2017,1557
09/03/2017,1557
10/03/2017,1560
13/03/2017,1578
14/03/2017,1584
15/03/2017,1584.5
16/03/2017,1582.5
17/03/2017,1591.5
20/03/2017,1602.5
21/03/2017,1610
22/03/2017,1602
23/03/2017,1586
24/03/2017,1586
27/03/2017,1579.5
28/03/2017,1569
29/03/2017,1540
30/03/2017,1519
31/03/2017,1512
03/04/2017,1500.5
04/04/2017,1504
05/04/2017,1493.5
06/04/2017,1499
07/04/2017,1501
10/04/2017,1510
11/04/2017,1515.5
12/04/2017,1535.5
13/04/2017,1553
17/04/2017,1568.5
18/04/2017,1567.5
19/04/2017,1565.5
20/04/2017,1540
24/04/2017,1563.5
25/04/2017,1552
26/04/2017,1554
27/04/2017,1557
28/04/2017,1553.5
02/05/2017,1547.5
03/05/2017,1531.5
04/05/2017,1516
05/05/2017,1514.5
08/05/2017,1505.5
09/05/2017,1494
10/05/2017,1473.5
11/05/2017,1462
12/05/2017,1460.5
15/05/2017,1452.5
16/05/2017,1447
17/05/2017,1449
18/05/2017,1452.5
19/05/2017,1453.5
22/05/2017,1468.5
23/05/2017,1473
24/05/2017,1471.5
25/05/2017,1467.5
26/05/2017,1458.5
29/05/2017,1436
30/05/2017,1426.5
31/05/2017,1417
01/06/2017,1396.5
02/06/2017,1402
05/06/2017,1394.5
06/06/2017,1402
07/06/2017,1400
08/06/2017,1397.5
09/06/2017,1404.5
12/06/2017,1404.5
13/06/2017,1409.5
14/06/2017,1412
16/06/2017,1402
19/06/2017,1392
20/06/2017,1378
21/06/2017,1368.5
22/06/2017,1362.5
23/06/2017,1360
26/06/2017,1347
27/06/2017,1344.5
28/06/2017,1343
29/06/2017,1344.5
30/06/2017,1341
03/07/2017,1323
04/07/2017,1320.5
05/07/2017,1320.5
06/07/2017,1322
07/07/2017,1329.5
10/07/2017,1332
11/07/2017,1331
12/07/2017,1331.5
13/07/2017,1335.5
14/07/2017,1335
17/07/2017,1337
18/07/2017,1338
19/07/2017,1341.5
20/07/2017,1357.5
21/07/2017,1426.5
24/07/2017,1429
25/07/2017,1427
26/07/2017,1426
27/07/2017,1423
28/07/2017,1431
31/07/2017,1431.5
01/08/2017,1432.5
02/08/2017,1438.5
03/08/2017,1443.5
04/08/2017,1450.5
07/08/2017,1460
08/08/2017,1477.5
09/08/2017,1488.5
10/08/2017,1494
11/08/2017,1493
14/08/2017,1497
15/08/2017,1494.5
16/08/2017,1488
17/08/2017,1484.5
18/08/2017,1475
21/08/2017,1472.5
22/08/2017,1472
23/08/2017,1464
24/08/2017,1451.5
25/08/2017,1453.5
28/08/2017,1449
29/08/2017,1458.5
30/08/2017,1459.5
31/08/2017,1475.5
01/09/2017,1499
04/09/2017,1509
05/09/2017,1520
06/09/2017,1513
08/09/2017,1507
11/09/2017,1508
12/09/2017,1490.5
13/09/2017,1492.5
14/09/2017,1490.5
15/09/2017,1498
18/09/2017,1496
19/09/2017,1500.5
20/09/2017,1503.5
21/09/2017,1509
22/09/2017,1511.5
25/09/2017,1509.5
26/09/2017,1519
27/09/2017,1523.5
28/09/2017,1533.5
29/09/2017,1540.5
02/10/2017,1562.5
03/10/2017,1563
04/10/2017,1562
05/10/2017,1564.5
06/10/2017,1570.5
09/10/2017,1576
10/10/2017,1580
11/10/2017,1593
13/10/2017,1587
16/10/2017,1590
17/10/2017,1593.5
18/10/2017,1606
19/10/2017,1613
20/10/2017,1621
23/10/2017,1636.5
24/10/2017,1637
25/10/2017,1641.5
26/10/2017,1644.5
27/10/2017,1650.5
30/10/2017,1652
31/10/2017,1656.5
01/11/2017,1660
03/11/2017,1650.5
06/11/2017,1674.5
07/11/2017,1682
08/11/2017,1682.5
09/11/2017,1709
10/11/2017,1717.5
13/11/2017,1745
14/11/2017,1748
16/11/2017,1749
17/11/2017,1737.5
21/11/2017,1747.5
22/11/2017,1745
23/11/2017,1744.5
24/11/2017,1755
27/11/2017,1758
28/11/2017,1769
29/11/2017,1766.5
30/11/2017,1771.5
01/12/2017,1777
04/12/2017,1786.5
05/12/2017,1797
06/12/2017,1809
07/12/2017,1816
08/12/2017,1816.5
11/12/2017,1812.5
12/12/2017,1807
13/12/2017,1813.5
14/12/2017,1811.5
15/12/2017,1813.5
18/12/2017,1812
19/12/2017,1813
20/12/2017,1813.5
21/12/2017,1814
22/12/2017,1814
26/12/2017,1827
27/12/2017,1830
28/12/2017,1840
02/01/2018,1854.5
03/01/2018,1882.5
04/01/2018,1892.5
05/01/2018,1904.5
08/01/2018,1910.5
09/01/2018,1919
10/01/2018,1913
11/01/2018,1924
12/01/2018,1915.5
15/01/2018,1918.5
16/01/2018,1917.5
17/01/2018,1921
18/01/2018,1913
19/01/2018,1915.5
22/01/2018,1910
23/01/2018,1905
24/01/2018,1902
26/01/2018,1898
29/01/2018,1898.5
30/01/2018,1905.5
31/01/2018,1906.5
01/02/2018,1895.5
02/02/2018,1894
05/02/2018,1888.5
06/02/2018,1894.5
07/02/2018,1899.5
08/02/2018,1901.5
09/02/2018,1899.5
14/02/2018,1915
15/02/2018,1918
16/02/2018,1927
19/02/2018,1922
20/02/2018,1933
21/02/2018,1934.5
22/02/2018,1930
23/02/2018,1931
26/02/2018,1937.5
27/02/2018,1947
28/02/2018,1955
01/03/2018,1940
02/03/2018,1932.5
05/03/2018,1942.5
06/03/2018,1940
07/03/2018,1937
08/03/2018,1931.5
09/03/2018,1938
12/03/2018,1975
13/03/2018,1969
14/03/2018,1960.5
15/03/2018,1963
16/03/2018,1965.5
19/03/2018,1965
20/03/2018,1962.5
21/03/2018,1936.5
22/03/2018,1924
23/03/2018,1909
26/03/2018,1891.5
27/03/2018,1888
28/03/2018,1858
29/03/2018,1851.5
02/04/2018,1810
03/04/2018,1781.5
04/04/2018,1732.5
05/04/2018,1694.5
06/04/2018,1623.5
09/04/2018,1621
10/04/2018,1610.5
11/04/2018,1590.5
12/04/2018,1582
13/04/2018,1581.5
16/04/2018,1578.5
17/04/2018,1566
18/04/2018,1554.5
19/04/2018,1550.5
20/04/2018,1542.5
23/04/2018,1530.5
24/04/2018,1527.5
25/04/2018,1524.5
26/04/2018,1513
27/04/2018,1517
30/04/2018,1522.5
02/05/2018,1510
03/05/2018,1506.5
04/05/2018,1514
07/05/2018,1538.5
08/05/2018,1549
09/05/2018,1562.5
10/05/2018,1584
11/05/2018,1628
14/05/2018,1661.5
15/05/2018,1684
16/05/2018,1694.5
17/05/2018,1702.5
18/05/2018,1702
21/05/2018,1705
22/05/2018,1709
23/05/2018,1710
24/05/2018,1710
25/05/2018,1710.5
28/05/2018,1736.5
29/05/2018,1750.5
30/05/2018,1759.5
01/06/2018,1761
04/06/2018,1764.5
05/06/2018,1767.5
06/06/2018,1757
07/06/2018,1759
08/06/2018,1765.5
11/06/2018,1751.5
12/06/2018,1741
13/06/2018,1714.5
14/06/2018,1711.5
15/06/2018,1692.5
18/06/2018,1688
19/06/2018,1667
20/06/2018,1642.5
21/06/2018,1624
22/06/2018,1612.5
25/06/2018,1607
26/06/2018,1584
27/06/2018,1574.5
28/06/2018,1556.5
29/06/2018,1552.5
02/07/2018,1549
03/07/2018,1547
04/07/2018,1537
05/07/2018,1541.5
06/07/2018,1538
10/07/2018,1542
11/07/2018,1536.5
12/07/2018,1532.5
13/07/2018,1535
16/07/2018,1531.5
17/07/2018,1533.5
18/07/2018,1524.5
19/07/2018,1523.5
20/07/2018,1524.5
23/07/2018,1526.5
24/07/2018,1521
25/07/2018,1511
26/07/2018,1494.5
27/07/2018,1497
30/07/2018,1485
31/07/2018,1469
01/08/2018,1462
02/08/2018,1452
03/08/2018,1447
06/08/2018,1454.5
07/08/2018,1446.5
08/08/2018,1467
09/08/2018,1464
10/08/2018,1464.5
13/08/2018,1462.5
14/08/2018,1456
15/08/2018,1452
16/08/2018,1456
17/08/2018,1466
20/08/2018,1467.5
21/08/2018,1490
22/08/2018,1535
23/08/2018,1562
24/08/2018,1575
27/08/2018,1625
28/08/2018,1639.5
29/08/2018,1662.5
30/08/2018,1665.5
31/08/2018,1678
03/09/2018,1722
04/09/2018,1737.5
05/09/2018,1768
06/09/2018,1763
10/09/2018,1749
11/09/2018,1734.5
12/09/2018,1724.5
13/09/2018,1714
14/09/2018,1718
17/09/2018,1730
18/09/2018,1734.5
19/09/2018,1744.5
20/09/2018,1749
21/09/2018,1760
24/09/2018,1754
25/09/2018,1768.5
26/09/2018,1773.5
27/09/2018,1783
28/09/2018,1798.5
01/10/2018,1823.5
02/10/2018,1848
03/10/2018,1866
04/10/2018,1866.5
05/10/2018,1870.5
08/10/2018,1891.5
09/10/2018,1893.5
10/10/2018,1900.5
11/10/2018,1895.5
15/10/2018,1890.5
16/10/2018,1885
17/10/2018,1867
18/10/2018,1861.5
19/10/2018,1851
22/10/2018,1856
23/10/2018,1845.5
24/10/2018,1839
25/10/2018,1835.5
26/10/2018,1822
29/10/2018,1821
30/10/2018,1815.5
31/10/2018,1808.5
01/11/2018,1801.5
05/11/2018,1780
06/11/2018,1749.5
07/11/2018,1741.5
08/11/2018,1726
09/11/2018,1719
12/11/2018,1712.5
13/11/2018,1710.5
14/11/2018,1707
16/11/2018,1703.5
19/11/2018,1701
21/11/2018,1700
22/11/2018,1702
23/11/2018,1700.5
26/11/2018,1695
27/11/2018,1694.5
28/11/2018,1691
29/11/2018,1692
30/11/2018,1695
03/12/2018,1730.5
04/12/2018,1748.5
05/12/2018,1753
06/12/2018,1749.5
07/12/2018,1746.5
10/12/2018,1746.5
11/12/2018,1745
12/12/2018,1742
13/12/2018,1740
14/12/2018,1739
17/12/2018,1743
18/12/2018,1731.5
19/12/2018,1729.5
20/12/2018,1731
21/12/2018,1729
26/12/2018,1729
27/12/2018,1733.5
28/12/2018,1732
02/01/2019,1734.5
03/01/2019,1732.5
04/01/2019,1722
07/01/2019,1723.5
08/01/2019,1711
09/01/2019,1699.5
10/01/2019,1690.5
11/01/2019,1687
14/01/2019,1684.5
15/01/2019,1673
16/01/2019,1672.5
17/01/2019,1668
18/01/2019,1666
21/01/2019,1655.5
22/01/2019,1643
23/01/2019,1628.5
24/01/2019,1618.5
28/01/2019,1617
29/01/2019,1596.5
30/01/2019,1585.5
31/01/2019,1581.5
01/02/2019,1596.5
04/02/2019,1600
05/02/2019,1609
06/02/2019,1626.5
07/02/2019,1688
08/02/2019,1694
11/02/2019,1739
12/02/2019,1747.5
13/02/2019,1754
14/02/2019,1768.5
15/02/2019,1776
18/02/2019,1807.5
19/02/2019,1831.5
20/02/2019,1870.5
21/02/2019,1911
22/02/2019,1928
25/02/2019,1945
26/02/2019,1934.5
27/02/2019,1917
28/02/2019,1926
01/03/2019,1919
06/03/2019,1919.5
07/03/2019,1923
08/03/2019,1928
11/03/2019,1924
12/03/2019,1916.5
13/03/2019,1916
14/03/2019,1902.5
15/03/2019,1884.5
18/03/2019,1865
19/03/2019,1866
20/03/2019,1837.5
21/03/2019,1820
22/03/2019,1792.5
25/03/2019,1734.5
26/03/2019,1716.5
27/03/2019,1696
28/03/2019,1683
29/03/2019,1684.5
01/04/2019,1687
02/04/2019,1682
03/04/2019,1683
04/04/2019,1718.5
05/04/2019,1814.5
08/04/2019,1921.5
09/04/2019,1974.5
10/04/2019,1976.5
11/04/2019,1974.5
12/04/2019,1965.5
15/04/2019,1988
16/04/2019,2025
17/04/2019,2090
18/04/2019,2105.5
22/04/2019,2067.5
23/04/2019,2028
24/04/2019,1928
25/04/2019,1830.5
26/04/2019,1791
29/04/2019,1755
30/04/2019,1749
02/05/2019,1723
03/05/2019,1694
06/05/2019,1685.5
07/05/2019,1672
08/05/2019,1669.5
09/05/2019,1667.5
10/05/2019,1674.5
13/05/2019,1705.5
14/05/2019,1753.5
15/05/2019,1780
16/05/2019,1785
17/05/2019,1778.5
20/05/2019,1756
21/05/2019,1746.5
22/05/2019,1725
23/05/2019,1695
24/05/2019,1687.5
27/05/2019,1670
28/05/2019,1668.5
29/05/2019,1680.5
30/05/2019,1717.5
31/05/2019,1744
03/06/2019,1752.5
04/06/2019,1736.5
05/06/2019,1726
06/06/2019,1703.5
07/06/2019,1680
10/06/2019,1668.5
11/06/2019,1662.5
12/06/2019,1679.5
13/06/2019,1687
14/06/2019,1704.5
17/06/2019,1695
18/06/2019,1694.5
19/06/2019,1678.5
21/06/2019,1671
24/06/2019,1665
25/06/2019,1663
26/06/2019,1663
27/06/2019,1679
28/06/2019,1680.5
01/07/2019,1690.5
02/07/2019,1704
03/07/2019,1706
04/07/2019,1720.5
05/07/2019,1724.5
08/07/2019,1728.5
10/07/2019,1718
11/07/2019,1702.5
12/07/2019,1707
15/07/2019,1713.5
16/07/2019,1718.5
17/07/2019,1736
18/07/2019,1750.5
19/07/2019,1761
22/07/2019,1762.5
23/07/2019,1771.5
24/07/2019,1787.5
25/07/2019,1804.5
26/07/2019,1792
29/07/2019,1789.5
30/07/2019,1790
31/07/2019,1777.5
01/08/2019,1793.5
02/08/2019,1790.5
05/08/2019,1792.5
06/08/2019,1796.5
07/08/2019,1803
08/08/2019,1811.5
09/08/2019,1814.5
12/08/2019,1820.5
13/08/2019,1819.5
14/08/2019,1814
15/08/2019,1806
16/08/2019,1810
19/08/2019,1805.5
20/08/2019,1791.5
21/08/2019,1792
22/08/2019,1788
23/08/2019,1777
26/08/2019,1772
27/08/2019,1756
28/08/2019,1750
29/08/2019,1737
30/08/2019,1741.5
02/09/2019,1751.5
03/09/2019,1765.5
04/09/2019,1774.5
05/09/2019,1779.5
06/09/2019,1774
09/09/2019,1779
10/09/2019,1771.5
11/09/2019,1752.5
12/09/2019,1751.5
13/09/2019,1751.5
16/09/2019,1783.5
17/09/2019,1808.5
18/09/2019,1805
19/09/2019,1801.5
20/09/2019,1801
23/09/2019,1806.5
24/09/2019,1805
25/09/2019,1812
26/09/2019,1814
27/09/2019,1811
30/09/2019,1815.5
01/10/2019,1818.5
02/10/2019,1835.5
03/10/2019,1839.5
04/10/2019,1839.5
07/10/2019,1854.5
08/10/2019,1866.5
09/10/2019,1867.5
10/10/2019,1869
11/10/2019,1868
14/10/2019,1869
15/10/2019,1872.5
16/10/2019,1867
17/10/2019,1861.5
18/10/2019,1853.5
21/10/2019,1862.5
22/10/2019,1873
23/10/2019,1883.5
24/10/2019,1891
25/10/2019,1894
28/10/2019,1905.5
29/10/2019,1932.5
30/10/2019,1936.5
31/10/2019,1938
01/11/2019,1933
04/11/2019,1941
05/11/2019,1941.5
06/11/2019,1944
07/11/2019,1946.5
08/11/2019,1943
11/11/2019,1949.5
12/11/2019,1950.5
13/11/2019,1951.5
14/11/2019,1960.5
18/11/2019,1962
19/11/2019,1960.5
21/11/2019,1971.5
22/11/2019,1974
25/11/2019,1999.5
26/11/2019,2013.5
27/11/2019,2051
28/11/2019,2072
29/11/2019,2079
02/12/2019,2078
03/12/2019,2076.5
04/12/2019,2077
05/12/2019,2073.5
06/12/2019,2073.5
09/12/2019,2068.5
10/12/2019,2064.5
11/12/2019,2057
12/12/2019,2055
13/12/2019,2054
16/12/2019,2050.5
17/12/2019,2049.5
18/12/2019,2046
19/12/2019,2042
20/12/2019,2056
23/12/2019,2062
26/12/2019,2090.5
27/12/2019,2100
30/12/2019,2105.5
02/01/2020,2108
03/01/2020,2117.5
06/01/2020,2124.5
07/01/2020,2128.5
08/01/2020,2136.5
09/01/2020,2129
10/01/2020,2137
13/01/2020,2133
14/01/2020,2134
15/01/2020,2124
16/01/2020,2129.5
17/01/2020,2128.5
20/01/2020,2117.5
21/01/2020,2117.5
22/01/2020,2124
23/01/2020,2136.5
24/01/2020,2127.5
27/01/2020,2125
28/01/2020,2132.5
29/01/2020,2145
30/01/2020,2181.5
31/01/2020,2185.5
03/02/2020,2179
04/02/2020,2180
05/02/2020,2174.5
06/02/2020,2168.5
07/02/2020,2166.5
10/02/2020,2168
11/02/2020,2169.5
12/02/2020,2172
13/02/2020,2175.5
14/02/2020,2190
17/02/2020,2202
18/02/2020,2201
19/02/2020,2202
20/02/2020,2204.5
21/02/2020,2206.5
26/02/2020,2211
27/02/2020,2207.5
28/02/2020,2207
02/03/2020,2197
03/03/2020,2181.5
04/03/2020,2176.5
05/03/2020,2130.5
06/03/2020,2125.5
09/03/2020,2073
10/03/2020,2039
11/03/2020,2024
12/03/2020,1985
13/03/2020,1924
16/03/2020,1842.5
17/03/2020,1799.5
18/03/2020,1707.5
19/03/2020,1648
20/03/2020,1621
23/03/2020,1611
24/03/2020,1565.5
25/03/2020,1520.5
26/03/2020,1511.5
27/03/2020,1474
30/03/2020,1442.5
31/03/2020,1422.5
01/04/2020,1378.5
02/04/2020,1338.5
03/04/2020,1349
06/04/2020,1402.5
07/04/2020,1420.5
08/04/2020,1477.5
09/04/2020,1506
13/04/2020,1525.5
14/04/2020,1522.5
15/04/2020,1505
16/04/2020,1494
17/04/2020,1446
20/04/2020,1435.5
22/04/2020,1388
23/04/2020,1364
24/04/2020,1352.5
27/04/2020,1366
28/04/2020,1380
29/04/2020,1414
30/04/2020,1420.5
04/05/2020,1446.5
05/05/2020,1445
06/05/2020,1445
07/05/2020,1467
08/05/2020,1468.5
11/05/2020,1463.5
12/05/2020,1446.5
13/05/2020,1450
14/05/2020,1462
15/05/2020,1456.5
18/05/2020,1465.5
19/05/2020,1476.5
20/05/2020,1490
21/05/2020,1510
22/05/2020,1524.5
25/05/2020,1534
26/05/2020,1564.5
27/05/2020,1607.5
28/05/2020,1613.5
29/05/2020,1612
01/06/2020,1657
02/06/2020,1667
03/06/2020,1676.5
04/06/2020,1677.5
05/06/2020,1678
08/06/2020,1705.5
09/06/2020,1741.5
10/06/2020,1734
12/06/2020,1745.5
15/06/2020,1746
16/06/2020,1737
17/06/2020,1707
18/06/2020,1696.5
19/06/2020,1709.5
22/06/2020,1688.5
23/06/2020,1687
24/06/2020,1684
25/06/2020,1674.5
26/06/2020,1669.5
29/06/2020,1670.5
30/06/2020,1669.5
01/07/2020,1659.5
02/07/2020,1658.5
03/07/2020,1661.5
06/07/2020,1663
07/07/2020,1666.5
08/07/2020,1671.5
09/07/2020,1674.5
10/07/2020,1674
13/07/2020,1666
14/07/2020,1669.5
15/07/2020,1673.5
16/07/2020,1675.5
17/07/2020,1685
20/07/2020,1689.5
21/07/2020,1699.5
22/07/2020,1706.5
23/07/2020,1716.5
24/07/2020,1733
27/07/2020,1742.5
28/07/2020,1760
29/07/2020,1775.5
30/07/2020,1767.5
31/07/2020,1766.5
03/08/2020,1762.5
04/08/2020,1740
05/08/2020,1733
06/08/2020,1732.5
07/08/2020,1735.5
10/08/2020,1727
11/08/2020,1728
12/08/2020,1729.5
13/08/2020,1734.5
14/08/2020,1763.5
17/08/2020,1762.5
18/08/2020,1771.5
19/08/2020,1787
20/08/2020,1804.5
21/08/2020,1835.5
24/08/2020,1845.5
25/08/2020,1863
26/08/2020,1894.5
27/08/2020,1902.5
28/08/2020,1889.5
31/08/2020,1887
01/09/2020,1887.5
02/09/2020,1870
03/09/2020,1873.5
04/09/2020,1881
08/09/2020,1858
09/09/2020,1845
10/09/2020,1834.5
11/09/2020,1804.5
14/09/2020,1802.5
15/09/2020,1805
16/09/2020,1819.5
17/09/2020,1851.5
18/09/2020,1854.5
21/09/2020,1859
22/09/2020,1883.5
23/09/2020,1893.5
24/09/2020,1898
25/09/2020,1893
28/09/2020,1905
29/09/2020,1922
30/09/2020,1919.5
01/10/2020,1941.5
02/10/2020,1934
05/10/2020,1919.5
06/10/2020,1938
07/10/2020,1950.5
08/10/2020,1955
09/10/2020,2009
13/10/2020,2027.5
14/10/2020,2058.5
15/10/2020,2093
16/10/2020,2102.5
19/10/2020,2103.5
20/10/2020,2112
21/10/2020,2111.5
22/10/2020,2113
23/10/2020,2108.5
26/10/2020,2107
27/10/2020,2115.5
28/10/2020,2104.5
29/10/2020,2100
30/10/2020,2098.5
03/11/2020,2112
04/11/2020,2107.5
05/11/2020,2107.5
06/11/2020,2109.5
09/11/2020,2118
10/11/2020,2115.5
11/11/2020,2128.5
12/11/2020,2129.5
13/11/2020,2125.5
16/11/2020,2131.5
17/11/2020,2136
18/11/2020,2138
19/11/2020,2124.5
20/11/2020,2130.5
23/11/2020,2137.5
24/11/2020,2136
25/11/2020,2135.5
26/11/2020,2131
27/11/2020,2127.5
30/11/2020,2123.5
01/12/2020,2125
02/12/2020,2114
03/12/2020,2111.5
04/12/2020,2114.5
07/12/2020,2122
08/12/2020,2116
09/12/2020,2112
10/12/2020,2106
11/12/2020,2109.5
14/12/2020,2112
15/12/2020,2104.5
16/12/2020,2115
17/12/2020,2102
18/12/2020,2105
21/12/2020,2112.5
22/12/2020,2101.5
23/12/2020,2103
28/12/2020,2105
29/12/2020,2110.5
30/12/2020,2108.5
04/01/2021,2116.5
05/01/2021,2117
06/01/2021,2124.5
07/01/2021,2133
08/01/2021,2143
11/01/2021,2145
12/01/2021,2148.5
13/01/2021,2156
14/01/2021,2160.5
15/01/2021,2148
18/01/2021,2159.5
19/01/2021,2182
20/01/2021,2191.5
21/01/2021,2189
22/01/2021,2199.5
26/01/2021,2200
27/01/2021,2194
28/01/2021,2203
29/01/2021,2203
01/02/2021,2197.5
02/02/2021,2203
03/02/2021,2207
04/02/2021,2205.5
05/02/2021,2208.5
08/02/2021,2242.5
09/02/2021,2277.5
10/02/2021,2316
11/02/2021,2401
12/02/2021,2428.5
17/02/2021,2524
18/02/2021,2624
19/02/2021,2648.5
22/02/2021,2675.5
23/02/2021,2732
24/02/2021,2777.5
25/02/2021,2808
26/02/2021,2884.5
01/03/2021,2884.5
02/03/2021,2973
03/03/2021,2990
04/03/2021,2988.5
05/03/2021,2970.5
08/03/2021,2978
09/03/2021,2977.5
10/03/2021,2986
11/03/2021,2983
12/03/2021,2982
15/03/2021,2953
16/03/2021,2857.5
17/03/2021,2800
18/03/2021,2733
19/03/2021,2657.5
22/03/2021,2487
23/03/2021,2442.5
24/03/2021,2339.5
25/03/2021,2321.5
26/03/2021,2302.5
29/03/2021,2340.5
30/03/2021,2387.5
31/03/2021,2393
01/04/2021,2407.5
05/04/2021,2412
06/04/2021,2429
07/04/2021,2432.5
08/04/2021,2483.5
09/04/2021,2485
12/04/2021,2517.5
13/04/2021,2577
14/04/2021,2655
15/04/2021,2701
16/04/2021,2710
19/04/2021,2737
20/04/2021,2753
22/04/2021,2759.5
23/04/2021,2747
26/04/2021,2743
27/04/2021,2719
28/04/2021,2714
29/04/2021,2718.5
30/04/2021,2732
03/05/2021,2803
04/05/2021,2893.5
05/05/2021,3005
06/05/2021,3070
07/05/2021,3102
10/05/2021,3127.5
11/05/2021,3127.5
12/05/2021,3117.5
13/05/2021,3091
14/05/2021,3065
17/05/2021,3041.5
18/05/2021,2981.5
19/05/2021,2995.5
20/05/2021,2949.5
21/05/2021,2930.5
24/05/2021,2894
25/05/2021,2903
26/05/2021,2915.5
27/05/2021,2953
28/05/2021,3010
31/05/2021,3014
01/06/2021,3081.5
02/06/2021,3078.5
04/06/2021,3078.5
07/06/2021,3085
08/06/2021,3073
09/06/2021,3069
10/06/2021,3058.5
11/06/2021,3045.5
14/06/2021,3010
15/06/2021,2966.5
16/06/2021,2947.5
17/06/2021,2868.5
18/06/2021,2868
21/06/2021,2866.5
22/06/2021,2871
23/06/2021,2866.5
24/06/2021,2870.5
25/06/2021,2872
28/06/2021,2874.5
29/06/2021,2877
30/06/2021,2875.5
01/07/2021,2875
02/07/2021,2880.5
05/07/2021,2932.5
06/07/2021,2960
07/07/2021,2979.5
08/07/2021,2983
12/07/2021,3005.5
13/07/2021,3017
14/07/2021,3019
15/07/2021,3035
16/07/2021,3034
19/07/2021,3019.5
20/07/2021,3002
21/07/2021,2989
22/07/2021,2959.5
23/07/2021,2954
26/07/2021,2975.5
27/07/2021,3017
28/07/2021,3024
29/07/2021,3049.5
30/07/2021,3049
02/08/2021,3062
03/08/2021,3073.5
04/08/2021,3086
05/08/2021,3117
06/08/2021,3164
09/08/2021,3189.5
10/08/2021,3195.5
11/08/2021,3214
12/08/2021,3217.5
13/08/2021,3216.5
16/08/2021,3232.5
17/08/2021,3228.5
18/08/2021,3225.5
19/08/2021,3222
20/08/2021,3220
23/08/2021,3215
24/08/2021,3225.5
25/08/2021,3253
26/08/2021,3264
27/08/2021,3275
30/08/2021,3291.5
31/08/2021,3282
01/09/2021,3296.5
02/09/2021,3292.5
03/09/2021,3297
06/09/2021,3305.5
08/09/2021,3304.5
09/09/2021,3303.5
10/09/2021,3303
13/09/2021,3317.5
14/09/2021,3316.5
15/09/2021,3339.5
16/09/2021,3335
17/09/2021,3350.5
20/09/2021,3351
21/09/2021,3350.5
22/09/2021,3346
23/09/2021,3362.5
24/09/2021,3355
27/09/2021,3352.5
28/09/2021,3368.5
29/09/2021,3386.5
30/09/2021,3365.5
01/10/2021,3367
04/10/2021,3383
05/10/2021,3395.5
06/10/2021,3417
07/10/2021,3419
08/10/2021,3430
11/10/2021,3431.5
13/10/2021,3463
14/10/2021,3487
15/10/2021,3516.5
18/10/2021,3540
19/10/2021,3574.5
20/10/2021,3625.5
21/10/2021,3661.5
22/10/2021,3693.5
25/10/2021,3814
26/10/2021,3881
27/10/2021,3924
28/10/2021,3920.5
29/10/2021,3947
01/11/2021,3953.5
03/11/2021,3959.5
04/11/2021,3937.5
05/11/2021,3935.5
08/11/2021,3911.5
09/11/2021,3901.5
10/11/2021,3900
11/11/2021,3879
12/11/2021,3861.5
16/11/2021,3845.5
17/11/2021,3809.5
18/11/2021,3778
19/11/2021,3715.5
22/11/2021,3683
23/11/2021,3609.5
24/11/2021,3603.5
25/11/2021,3588.5
26/11/2021,3586.5
29/11/2021,3589.5
30/11/2021,3568.5
01/12/2021,3551.5
02/12/2021,3527
03/12/2021,3424.5
06/12/2021,3385.5
07/12/2021,3374
08/12/2021,3358
09/12/2021,3385.5
10/12/2021,3470
13/12/2021,3440.5
14/12/2021,3434.5
15/12/2021,3432.5
16/12/2021,3425
17/12/2021,3407
20/12/2021,3403.5
21/12/2021,3408
22/12/2021,3408.5
23/12/2021,3411
27/12/2021,3407
28/12/2021,3408
29/12/2021,3394
30/12/2021,3396
03/01/2022,3413.5
04/01/2022,3418.5
05/01/2022,3416.5
06/01/2022,3411
07/01/2022,3412
10/01/2022,3406.5
11/01/2022,3412.5
12/01/2022,3410
13/01/2022,3404
14/01/2022,3394.5
17/01/2022,3391.5
18/01/2022,3371
19/01/2022,3365.5
20/01/2022,3311
21/01/2022,3295
24/01/2022,3256.5
25/01/2022,3234
26/01/2022,3230
27/01/2022,3184
28/01/2022,3131
31/01/2022,3117
01/02/2022,3053.5
02/02/2022,2958.5
03/02/2022,2901.5
04/02/2022,2859
07/02/2022,2854.5
08/02/2022,2885
09/02/2022,2926
10/02/2022,2938.5
11/02/2022,2930.5
14/02/2022,2958.5
15/02/2022,2971.5
16/02/2022,2971
17/02/2022,2972
18/02/2022,2944
21/02/2022,2930
22/02/2022,2923.5
23/02/2022,2920
24/02/2022,2951.5
25/02/2022,2954
02/03/2022,2954.5
03/03/2022,2971.5
04/03/2022,3027
07/03/2022,3083
08/03/2022,3153.5
09/03/2022,3232
10/03/2022,3362
11/03/2022,3396.5
14/03/2022,3432
15/03/2022,3429.5
16/03/2022,3355.5
17/03/2022,3354
18/03/2022,3351
21/03/2022,3337
22/03/2022,3337
23/03/2022,3342.5
24/03/2022,3372.5
25/03/2022,3435.5
28/03/2022,3483
29/03/2022,3500
30/03/2022,3495
31/03/2022,3480
01/04/2022,3473
04/04/2022,3487.5
05/04/2022,3523.5
06/04/2022,3611.5
07/04/2022,3722
08/04/2022,3815
11/04/2022,3906
12/04/2022,3917
13/04/2022,3994.5
14/04/2022,3994
18/04/2022,3977.5
19/04/2022,3939
20/04/2022,3910
22/04/2022,3880.5
25/04/2022,3788.5
26/04/2022,3673
27/04/2022,3558.5
28/04/2022,3495
29/04/2022,3458
02/05/2022,3440
03/05/2022,3417
04/05/2022,3397
05/05/2022,3399.5
06/05/2022,3424
09/05/2022,3458
10/05/2022,3462.5
11/05/2022,3477.5
12/05/2022,3453
13/05/2022,3447
16/05/2022,3449
17/05/2022,3445.5
18/05/2022,3443.5
19/05/2022,3434
20/05/2022,3418.5
23/05/2022,3402
24/05/2022,3373
25/05/2022,3331.5
26/05/2022,3270
27/05/2022,3239.5
30/05/2022,3206.5
31/05/2022,3172.5
01/06/2022,3166.5
02/06/2022,3165.5
03/06/2022,3176.5
06/06/2022,3205.5
07/06/2022,3206
08/06/2022,3185
09/06/2022,3184.5
10/06/2022,3157
13/06/2022,3112.5
14/06/2022,3095.5
15/06/2022,3080.5
17/06/2022,3119.5
20/06/2022,3170.5
21/06/2022,3164
22/06/2022,3131.5
23/06/2022,3114.5
24/06/2022,3134.5
27/06/2022,3125.5
28/06/2022,3096
29/06/2022,3043.5
30/06/2022,3001.5
01/07/2022,2979
04/07/2022,2952.5
01/07/2022,2951.5
04/07/2022,2952.5
05/07/2022,2951.5
06/07/2022,2974.5
07/07/2022,3031
08/07/2022,3055
11/07/2022,3055.5
12/07/2022,3043.5
13/07/2022,3037.5
14/07/2022,3030.5
15/07/2022,3005
18/07/2022,3015
19/07/2022,3034.5
20/07/2022,3014.5
21/07/2022,3017.5
22/07/2022,3017
