data,rbob_usd
03/10/2005,1.8888
04/10/2005,1.8453
05/10/2005,1.765
06/10/2005,1.72
07/10/2005,1.74
10/10/2005,1.73
11/10/2005,1.77
12/10/2005,1.7757
13/10/2005,1.7286
14/10/2005,1.7044
17/10/2005,1.757
18/10/2005,1.69
19/10/2005,1.6572
20/10/2005,1.6025
21/10/2005,1.645
24/10/2005,1.6053
25/10/2005,1.662
26/10/2005,1.6
27/10/2005,1.61
28/10/2005,1.645
31/10/2005,1.5811
01/11/2005,1.596
02/11/2005,1.576
03/11/2005,1.626
04/11/2005,1.605
07/11/2005,1.579
08/11/2005,1.6074
09/11/2005,1.588
10/11/2005,1.5438
11/11/2005,1.54
14/11/2005,1.543
15/11/2005,1.5087
16/11/2005,1.5267
17/11/2005,1.5043
18/11/2005,1.5023
21/11/2005,1.508
22/11/2005,1.5582
23/11/2005,1.548
28/11/2005,1.5019
29/11/2005,1.4806
30/11/2005,1.5271
01/12/2005,1.5925
02/12/2005,1.6313
05/12/2005,1.615
06/12/2005,1.61
07/12/2005,1.5976
08/12/2005,1.6666
09/12/2005,1.6399
12/12/2005,1.6868
13/12/2005,1.6909
14/12/2005,1.6857
15/12/2005,1.68
16/12/2005,1.6189
19/12/2005,1.5752
20/12/2005,1.5588
21/12/2005,1.5764
22/12/2005,1.5906
23/12/2005,1.6005
27/12/2005,1.5734
28/12/2005,1.6211
29/12/2005,1.6824
30/12/2005,1.74
03/01/2006,1.7862
04/01/2006,1.8245
05/01/2006,1.817
06/01/2006,1.8455
09/01/2006,1.7975
10/01/2006,1.78
11/01/2006,1.7631
12/01/2006,1.7685
13/01/2006,1.7711
17/01/2006,1.84
18/01/2006,1.8
19/01/2006,1.8
20/01/2006,1.83
23/01/2006,1.81
24/01/2006,1.7744
25/01/2006,1.7046
26/01/2006,1.7243
27/01/2006,1.7714
30/01/2006,1.8049
31/01/2006,1.7558
01/02/2006,1.7435
02/02/2006,1.6893
03/02/2006,1.7017
06/02/2006,1.6622
07/02/2006,1.614
08/02/2006,1.5831
09/02/2006,1.5801
10/02/2006,1.5105
13/02/2006,1.478
14/02/2006,1.4461
15/02/2006,1.431
16/02/2006,1.4883
17/02/2006,1.5287
21/02/2006,1.5307
22/02/2006,1.4979
23/02/2006,1.5201
24/02/2006,1.5597
27/02/2006,1.487
28/02/2006,1.5443
01/03/2006,1.7999
02/03/2006,1.8625
03/03/2006,1.8981
06/03/2006,1.841
07/03/2006,1.8535
08/03/2006,1.8323
09/03/2006,1.84
10/03/2006,1.8185
13/03/2006,1.87
14/03/2006,1.9489
15/03/2006,1.9105
16/03/2006,1.949
17/03/2006,1.9325
20/03/2006,1.8748
21/03/2006,1.8975
22/03/2006,1.848
23/03/2006,1.915
24/03/2006,1.9575
27/03/2006,1.972
28/03/2006,2.0385
29/03/2006,2.0755
30/03/2006,2.0805
31/03/2006,2.0645
03/04/2006,2.0512
04/04/2006,2.0625
05/04/2006,2.106
06/04/2006,2.1439
07/04/2006,2.1251
10/04/2006,2.1514
11/04/2006,2.1921
12/04/2006,2.2155
13/04/2006,2.2297
17/04/2006,2.2847
18/04/2006,2.3214
19/04/2006,2.3469
20/04/2006,2.322
21/04/2006,2.3595
24/04/2006,2.304
25/04/2006,2.245
26/04/2006,2.251
27/04/2006,2.1669
28/04/2006,2.21
01/05/2006,2.2756
02/05/2006,2.325
03/05/2006,2.2825
04/05/2006,2.1736
05/05/2006,2.2673
08/05/2006,2.2486
09/05/2006,2.351
10/05/2006,2.4594
11/05/2006,2.4895
12/05/2006,2.4256
15/05/2006,2.268
16/05/2006,2.2258
17/05/2006,2.16
18/05/2006,2.175
19/05/2006,2.185
22/05/2006,2.1722
23/05/2006,2.25
24/05/2006,2.1567
25/05/2006,2.24
26/05/2006,2.31
30/05/2006,2.3347
31/05/2006,2.2873
01/06/2006,2.2746
02/06/2006,2.3625
05/06/2006,2.3367
06/06/2006,2.3464
07/06/2006,2.2625
08/06/2006,2.2787
09/06/2006,2.3053
12/06/2006,2.2599
13/06/2006,2.171
14/06/2006,2.1822
15/06/2006,2.2019
16/06/2006,2.2048
19/06/2006,2.1637
20/06/2006,2.1668
21/06/2006,2.2302
22/06/2006,2.2752
23/06/2006,2.2947
26/06/2006,2.3433
27/06/2006,2.3289
28/06/2006,2.3185
29/06/2006,2.3665
30/06/2006,2.3931
05/07/2006,2.4142
06/07/2006,2.4055
07/07/2006,2.3876
10/07/2006,2.3049
11/07/2006,2.3122
12/07/2006,2.3675
13/07/2006,2.3856
14/07/2006,2.4308
17/07/2006,2.399
18/07/2006,2.3669
19/07/2006,2.3327
20/07/2006,2.3586
21/07/2006,2.4246
24/07/2006,2.4193
25/07/2006,2.39
26/07/2006,2.375
27/07/2006,2.3529
28/07/2006,2.338
31/07/2006,2.3496
01/08/2006,2.3724
02/08/2006,2.4124
03/08/2006,2.3654
04/08/2006,2.3205
07/08/2006,2.32
08/08/2006,2.272
09/08/2006,2.1987
10/08/2006,2.0678
11/08/2006,2.1324
14/08/2006,2.0498
15/08/2006,2.0692
16/08/2006,2.0258
17/08/2006,1.965
18/08/2006,2.0052
21/08/2006,1.9783
22/08/2006,1.9807
23/08/2006,1.8855
24/08/2006,1.8608
25/08/2006,1.9058
28/08/2006,1.8283
29/08/2006,1.825
30/08/2006,1.8335
31/08/2006,1.8207
01/09/2006,1.7842
05/09/2006,1.6826
06/09/2006,1.679
07/09/2006,1.6841
08/09/2006,1.6423
11/09/2006,1.6215
12/09/2006,1.6083
13/09/2006,1.6005
14/09/2006,1.6016
15/09/2006,1.6371
18/09/2006,1.6266
19/09/2006,1.5483
20/09/2006,1.4929
21/09/2006,1.5338
22/09/2006,1.5199
25/09/2006,1.5008
26/09/2006,1.5262
27/09/2006,1.5633
28/09/2006,1.5602
29/09/2006,1.5632
02/10/2006,1.5425
03/10/2006,1.4981
04/10/2006,1.5346
05/10/2006,1.5472
06/10/2006,1.5302
09/10/2006,1.5207
10/10/2006,1.4867
11/10/2006,1.4787
12/10/2006,1.4872
13/10/2006,1.5181
16/10/2006,1.5322
17/10/2006,1.5171
18/10/2006,1.5003
19/10/2006,1.5328
20/10/2006,1.5094
23/10/2006,1.5044
24/10/2006,1.5322
25/10/2006,1.5875
26/10/2006,1.5422
27/10/2006,1.5563
30/10/2006,1.46
31/10/2006,1.4466
01/11/2006,1.4948
02/11/2006,1.4765
03/11/2006,1.5257
06/11/2006,1.5433
07/11/2006,1.5356
08/11/2006,1.5777
09/11/2006,1.6052
10/11/2006,1.5656
13/11/2006,1.5471
14/11/2006,1.5577
15/11/2006,1.5947
16/11/2006,1.5411
17/11/2006,1.5493
20/11/2006,1.5605
21/11/2006,1.6427
22/11/2006,1.5967
27/11/2006,1.5975
28/11/2006,1.6371
29/11/2006,1.7084
30/11/2006,1.7024
01/12/2006,1.7021
04/12/2006,1.6631
05/12/2006,1.6439
06/12/2006,1.6213
07/12/2006,1.6232
08/12/2006,1.6171
11/12/2006,1.5958
12/12/2006,1.597
13/12/2006,1.6221
14/12/2006,1.6701
15/12/2006,1.7039
18/12/2006,1.6749
19/12/2006,1.7106
20/12/2006,1.693
21/12/2006,1.6489
22/12/2006,1.6309
26/12/2006,1.5716
27/12/2006,1.5889
28/12/2006,1.598
29/12/2006,1.6021
02/01/2007,1.6163
03/01/2007,1.5489
04/01/2007,1.487
05/01/2007,1.4931
08/01/2007,1.4685
09/01/2007,1.4696
10/01/2007,1.4292
11/01/2007,1.3905
12/01/2007,1.432
16/01/2007,1.3693
17/01/2007,1.3786
18/01/2007,1.3553
19/01/2007,1.398
22/01/2007,1.3754
23/01/2007,1.4473
24/01/2007,1.4616
25/01/2007,1.4441
26/01/2007,1.4834
29/01/2007,1.441
30/01/2007,1.5213
31/01/2007,1.5009
01/02/2007,1.5253
02/02/2007,1.5729
05/02/2007,1.5599
06/02/2007,1.5725
07/02/2007,1.5415
08/02/2007,1.5933
09/02/2007,1.6148
12/02/2007,1.5527
13/02/2007,1.6091
14/02/2007,1.6162
15/02/2007,1.5972
16/02/2007,1.6453
20/02/2007,1.6491
21/02/2007,1.7047
22/02/2007,1.7548
23/02/2007,1.7631
26/02/2007,1.7777
27/02/2007,1.8161
28/02/2007,1.8476
01/03/2007,1.9101
02/03/2007,1.9018
05/03/2007,1.8447
06/03/2007,1.8533
07/03/2007,1.8955
08/03/2007,1.9261
09/03/2007,1.9021
12/03/2007,1.9105
13/03/2007,1.9318
14/03/2007,1.9283
15/03/2007,1.8816
16/03/2007,1.9071
19/03/2007,1.9581
20/03/2007,1.9421
21/03/2007,1.9349
22/03/2007,1.9575
23/03/2007,1.9983
26/03/2007,2.0677
27/03/2007,2.073
28/03/2007,2.0572
29/03/2007,2.1355
30/03/2007,2.1115
02/04/2007,2.0428
03/04/2007,2.0177
04/04/2007,2.1054
05/04/2007,2.1288
09/04/2007,2.0946
10/04/2007,2.123
11/04/2007,2.1587
12/04/2007,2.1918
13/04/2007,2.1797
16/04/2007,2.1157
17/04/2007,2.0558
18/04/2007,2.0833
19/04/2007,2.0888
20/04/2007,2.1374
23/04/2007,2.1907
24/04/2007,2.2089
25/04/2007,2.2826
26/04/2007,2.2903
27/04/2007,2.3613
30/04/2007,2.4405
01/05/2007,2.2447
02/05/2007,2.2326
03/05/2007,2.2476
04/05/2007,2.2164
07/05/2007,2.1896
08/05/2007,2.2045
09/05/2007,2.2309
10/05/2007,2.3261
11/05/2007,2.3521
14/05/2007,2.3012
15/05/2007,2.3016
16/05/2007,2.337
17/05/2007,2.4366
18/05/2007,2.4077
21/05/2007,2.4013
22/05/2007,2.3063
23/05/2007,2.3104
24/05/2007,2.3569
25/05/2007,2.4037
29/05/2007,2.2979
30/05/2007,2.2725
31/05/2007,2.2512
01/06/2007,2.2446
04/06/2007,2.238
05/06/2007,2.2073
06/06/2007,2.1904
07/06/2007,2.1927
08/06/2007,2.1271
11/06/2007,2.1513
12/06/2007,2.135
13/06/2007,2.1553
14/06/2007,2.2247
15/06/2007,2.2601
18/06/2007,2.2643
19/06/2007,2.2346
20/06/2007,2.2281
21/06/2007,2.2467
22/06/2007,2.2866
25/06/2007,2.3025
26/06/2007,2.2469
27/06/2007,2.2546
28/06/2007,2.2667
29/06/2007,2.2942
02/07/2007,2.0716
03/07/2007,2.2644
05/07/2007,2.0792
06/07/2007,2.091
09/07/2007,2.3446
10/07/2007,2.3694
11/07/2007,2.3063
12/07/2007,2.2663
13/07/2007,2.2248
16/07/2007,2.1262
17/07/2007,2.1007
18/07/2007,2.1953
19/07/2007,2.1914
20/07/2007,2.1646
23/07/2007,2.1041
24/07/2007,2.0477
25/07/2007,2.0879
26/07/2007,2.0759
27/07/2007,2.1017
30/07/2007,2.0856
31/07/2007,2.1408
01/08/2007,2.0296
02/08/2007,2.0362
03/08/2007,2.029
06/08/2007,1.9259
07/08/2007,1.9442
08/08/2007,1.9377
09/08/2007,1.934
10/08/2007,1.9548
13/08/2007,1.9375
14/08/2007,1.9738
15/08/2007,2.0088
16/08/2007,1.9783
17/08/2007,2.0388
20/08/2007,1.9365
21/08/2007,1.8637
22/08/2007,1.889
23/08/2007,1.9232
24/08/2007,1.9814
27/08/2007,2.0393
28/08/2007,2.0154
29/08/2007,2.1008
30/08/2007,1.9771
31/08/2007,2.0519
04/09/2007,1.991
05/09/2007,1.984
06/09/2007,1.9876
07/09/2007,1.9998
10/09/2007,1.9786
11/09/2007,1.9811
12/09/2007,2.016
13/09/2007,2.0464
14/09/2007,2.0364
17/09/2007,2.0396
18/09/2007,2.0525
19/09/2007,2.0655
20/09/2007,2.1351
21/09/2007,2.1145
24/09/2007,2.0834
25/09/2007,2.0379
26/09/2007,2.0274
27/09/2007,2.0939
28/09/2007,2.0683
01/10/2007,1.9813
02/10/2007,1.9828
03/10/2007,1.9959
04/10/2007,2.0522
05/10/2007,2.0493
08/10/2007,2.0002
09/10/2007,2.0202
10/10/2007,2.0336
11/10/2007,2.0666
12/10/2007,2.0851
15/10/2007,2.1575
16/10/2007,2.1737
17/10/2007,2.1466
18/10/2007,2.1851
19/10/2007,2.1687
22/10/2007,2.1334
23/10/2007,2.1089
24/10/2007,2.1475
25/10/2007,2.2358
26/10/2007,2.274
29/10/2007,2.3274
30/10/2007,2.2571
31/10/2007,2.34
01/11/2007,2.3432
02/11/2007,2.4395
05/11/2007,2.3811
06/11/2007,2.435
07/11/2007,2.3009
08/11/2007,2.2932
09/11/2007,2.3043
12/11/2007,2.2589
13/11/2007,2.1991
14/11/2007,2.2645
15/11/2007,2.2341
16/11/2007,2.2663
19/11/2007,2.2833
20/11/2007,2.4515
21/11/2007,2.4371
23/11/2007,2.467
26/11/2007,2.3497
27/11/2007,2.2974
28/11/2007,2.2678
29/11/2007,2.2956
30/11/2007,2.2715
03/12/2007,2.309
04/12/2007,2.3311
05/12/2007,2.3063
06/12/2007,2.3647
07/12/2007,2.3314
10/12/2007,2.3229
11/12/2007,2.3623
12/12/2007,2.4407
13/12/2007,2.3903
14/12/2007,2.3696
17/12/2007,2.3778
18/12/2007,2.3538
19/12/2007,2.3718
20/12/2007,2.3623
21/12/2007,2.3903
24/12/2007,2.3996
26/12/2007,2.4456
27/12/2007,2.4639
28/12/2007,2.4181
31/12/2007,2.4037
02/01/2008,2.4818
03/01/2008,2.4793
04/01/2008,2.4677
07/01/2008,2.3965
08/01/2008,2.4263
09/01/2008,2.3884
10/01/2008,2.3529
11/01/2008,2.3465
14/01/2008,2.3848
15/01/2008,2.3426
16/01/2008,2.3272
17/01/2008,2.3112
18/01/2008,2.3262
22/01/2008,2.3063
23/01/2008,2.2748
24/01/2008,2.3133
25/01/2008,2.3551
28/01/2008,2.3702
29/01/2008,2.3839
30/01/2008,2.3944
31/01/2008,2.3951
01/02/2008,2.3503
04/02/2008,2.3751
05/02/2008,2.3511
06/02/2008,2.3308
07/02/2008,2.351
08/02/2008,2.3572
11/02/2008,2.3962
12/02/2008,2.368
13/02/2008,2.3899
14/02/2008,2.4761
15/02/2008,2.4938
19/02/2008,2.6031
20/02/2008,2.5852
21/02/2008,2.522
22/02/2008,2.5337
25/02/2008,2.5419
26/02/2008,2.5505
27/02/2008,2.4777
28/02/2008,2.4957
29/02/2008,2.5123
03/03/2008,2.6298
04/03/2008,2.5524
05/03/2008,2.6649
06/03/2008,2.6553
07/03/2008,2.6578
10/03/2008,2.6583
11/03/2008,2.6624
12/03/2008,2.7286
13/03/2008,2.6828
14/03/2008,2.6894
17/03/2008,2.5042
18/03/2008,2.66
19/03/2008,2.5603
20/03/2008,2.6051
24/03/2008,2.6412
25/03/2008,2.6203
26/03/2008,2.7429
27/03/2008,2.7163
28/03/2008,2.717
31/03/2008,2.6163
01/04/2008,2.6392
02/04/2008,2.7736
03/04/2008,2.7243
04/04/2008,2.7567
07/04/2008,2.7835
08/04/2008,2.7504
09/04/2008,2.7742
10/04/2008,2.7921
11/04/2008,2.8073
14/04/2008,2.8218
15/04/2008,2.881
16/04/2008,2.939
17/04/2008,2.9578
18/04/2008,2.9893
21/04/2008,2.9791
22/04/2008,3.0164
23/04/2008,3.0507
24/04/2008,3.0186
25/04/2008,3.0537
28/04/2008,3.0307
29/04/2008,2.9392
30/04/2008,2.9312
01/05/2008,2.8782
02/05/2008,2.9664
05/05/2008,3.0529
06/05/2008,3.1055
07/05/2008,3.1182
08/05/2008,3.1378
09/05/2008,3.2012
12/05/2008,3.1642
13/05/2008,3.2
14/05/2008,3.1804
15/05/2008,3.1658
16/05/2008,3.2235
19/05/2008,3.2366
20/05/2008,3.3044
21/05/2008,3.3965
22/05/2008,3.3297
23/05/2008,3.396
27/05/2008,3.383
28/05/2008,3.4476
29/05/2008,3.4042
30/05/2008,3.4089
02/06/2008,3.3907
03/06/2008,3.3525
04/06/2008,3.1951
05/06/2008,3.3345
06/06/2008,3.4638
09/06/2008,3.3678
10/06/2008,3.3334
11/06/2008,3.4656
12/06/2008,3.526
13/06/2008,3.4626
16/06/2008,3.4379
17/06/2008,3.4179
18/06/2008,3.4861
19/06/2008,3.3526
20/06/2008,3.4544
23/06/2008,3.4733
24/06/2008,3.4906
25/06/2008,3.4515
26/06/2008,3.5699
27/06/2008,3.5743
30/06/2008,3.5777
01/07/2008,3.5134
02/07/2008,3.5494
03/07/2008,3.571
07/07/2008,3.4827
08/07/2008,3.3631
09/07/2008,3.3808
10/07/2008,3.5109
11/07/2008,3.5632
14/07/2008,3.5577
15/07/2008,3.3848
16/07/2008,3.2794
17/07/2008,3.1633
18/07/2008,3.1709
21/07/2008,3.2171
22/07/2008,3.147
23/07/2008,3.0344
24/07/2008,3.0594
25/07/2008,3.0323
28/07/2008,3.07
29/07/2008,3.0077
30/07/2008,3.1351
31/07/2008,3.048
01/08/2008,3.0843
04/08/2008,3.0002
05/08/2008,2.9564
06/08/2008,2.9493
07/08/2008,3.0027
08/08/2008,3.0457
11/08/2008,3.0299
12/08/2008,2.998
13/08/2008,3.0666
14/08/2008,3.0548
15/08/2008,3.0355
18/08/2008,2.9935
19/08/2008,3.0367
20/08/2008,3.0943
21/08/2008,3.2376
22/08/2008,3.0969
25/08/2008,3.1202
26/08/2008,3.14
27/08/2008,3.1545
28/08/2008,3.1117
29/08/2008,3.0975
02/09/2008,2.7337
03/09/2008,2.7668
04/09/2008,2.7404
05/09/2008,2.6861
08/09/2008,2.7503
09/09/2008,2.6526
10/09/2008,2.6616
11/09/2008,2.7488
12/09/2008,2.7696
15/09/2008,2.5614
16/09/2008,2.4008
17/09/2008,2.463
18/09/2008,2.4824
19/09/2008,2.5997
22/09/2008,2.7038
23/09/2008,2.595
24/09/2008,2.5947
25/09/2008,2.6973
26/09/2008,2.6651
29/09/2008,2.397
30/09/2008,2.4847
01/10/2008,2.36
02/10/2008,2.255
03/10/2008,2.2283
06/10/2008,2.0591
07/10/2008,2.0628
08/10/2008,2.0298
09/10/2008,2.0273
10/10/2008,1.807
13/10/2008,1.9176
14/10/2008,1.8848
15/10/2008,1.7822
16/10/2008,1.622
17/10/2008,1.6661
20/10/2008,1.7201
21/10/2008,1.6919
22/10/2008,1.5709
23/10/2008,1.5778
24/10/2008,1.4779
27/10/2008,1.4769
28/10/2008,1.4555
29/10/2008,1.533
30/10/2008,1.467
31/10/2008,1.4413
03/11/2008,1.3625
04/11/2008,1.5327
05/11/2008,1.4244
06/11/2008,1.336
07/11/2008,1.3495
10/11/2008,1.3679
11/11/2008,1.3059
12/11/2008,1.2481
13/11/2008,1.3024
14/11/2008,1.2391
17/11/2008,1.1746
18/11/2008,1.1368
19/11/2008,1.107
20/11/2008,1.007
21/11/2008,1.0643
24/11/2008,1.1425
25/11/2008,1.0949
26/11/2008,1.1798
28/11/2008,1.1462
01/12/2008,1.1112
02/12/2008,1.0583
03/12/2008,1.0415
04/12/2008,0.9695
05/12/2008,0.9012
08/12/2008,0.9618
09/12/2008,0.9364
10/12/2008,0.9687
11/12/2008,1.0786
12/12/2008,1.0777
15/12/2008,1.0369
16/12/2008,1.04
17/12/2008,1.0055
18/12/2008,0.9629
19/12/2008,0.9693
22/12/2008,0.8862
23/12/2008,0.856
24/12/2008,0.7927
26/12/2008,0.844
29/12/2008,0.8745
30/12/2008,0.8853
31/12/2008,1.0082
02/01/2009,1.1105
05/01/2009,1.1824
06/01/2009,1.1892
07/01/2009,1.0764
08/01/2009,1.0882
09/01/2009,1.1112
12/01/2009,1.0841
13/01/2009,1.1489
14/01/2009,1.1677
15/01/2009,1.1742
16/01/2009,1.1672
20/01/2009,1.1431
21/01/2009,1.1738
22/01/2009,1.0934
23/01/2009,1.1544
26/01/2009,1.1531
27/01/2009,1.1085
28/01/2009,1.1835
29/01/2009,1.2309
30/01/2009,1.2689
02/02/2009,1.1492
03/02/2009,1.167
04/02/2009,1.2184
05/02/2009,1.2748
06/02/2009,1.2507
09/02/2009,1.2471
10/02/2009,1.2439
11/02/2009,1.2698
12/02/2009,1.2583
13/02/2009,1.2063
17/02/2009,1.1118
18/02/2009,1.0652
19/02/2009,1.0986
20/02/2009,1.0746
23/02/2009,1.0433
24/02/2009,1.0837
25/02/2009,1.1667
26/02/2009,1.3004
27/02/2009,1.2807
02/03/2009,1.2862
03/03/2009,1.3194
04/03/2009,1.3816
05/03/2009,1.3127
06/03/2009,1.3322
09/03/2009,1.3351
10/03/2009,1.2972
11/03/2009,1.2512
12/03/2009,1.3457
13/03/2009,1.3529
16/03/2009,1.3673
17/03/2009,1.4238
18/03/2009,1.3657
19/03/2009,1.4373
20/03/2009,1.457
23/03/2009,1.4881
24/03/2009,1.5026
25/03/2009,1.495
26/03/2009,1.5311
27/03/2009,1.4879
30/03/2009,1.3799
31/03/2009,1.4
01/04/2009,1.3717
02/04/2009,1.4698
03/04/2009,1.4924
06/04/2009,1.4755
07/04/2009,1.4604
08/04/2009,1.4396
09/04/2009,1.481
13/04/2009,1.4632
14/04/2009,1.4576
15/04/2009,1.4468
16/04/2009,1.4743
17/04/2009,1.4927
20/04/2009,1.4119
21/04/2009,1.4144
22/04/2009,1.3906
23/04/2009,1.3944
24/04/2009,1.442
27/04/2009,1.4032
28/04/2009,1.3977
29/04/2009,1.4484
30/04/2009,1.4742
01/05/2009,1.5174
04/05/2009,1.586
05/05/2009,1.5722
06/05/2009,1.628
07/05/2009,1.6655
08/05/2009,1.7055
11/05/2009,1.6802
12/05/2009,1.6679
13/05/2009,1.6888
14/05/2009,1.7237
15/05/2009,1.6806
18/05/2009,1.7581
19/05/2009,1.8125
20/05/2009,1.8095
21/05/2009,1.7997
22/05/2009,1.8408
26/05/2009,1.8524
27/05/2009,1.8917
28/05/2009,1.9105
29/05/2009,1.931
01/06/2009,1.9243
02/06/2009,1.9252
03/06/2009,1.9016
04/06/2009,1.9621
05/06/2009,1.9546
08/06/2009,1.936
09/06/2009,1.9667
10/06/2009,2.0153
11/06/2009,2.0649
12/06/2009,2.0431
15/06/2009,2.053
16/06/2009,2.0711
17/06/2009,2.0326
18/06/2009,2.0295
19/06/2009,1.9244
22/06/2009,1.8597
23/06/2009,1.8932
24/06/2009,1.8425
25/06/2009,1.8983
26/06/2009,1.8741
29/06/2009,1.9358
30/06/2009,1.8972
01/07/2009,1.859
02/07/2009,1.7908
06/07/2009,1.7404
07/07/2009,1.7328
08/07/2009,1.6333
09/07/2009,1.6638
10/07/2009,1.6505
13/07/2009,1.6394
14/07/2009,1.6466
15/07/2009,1.7081
16/07/2009,1.7135
17/07/2009,1.7699
20/07/2009,1.7894
21/07/2009,1.812
22/07/2009,1.8383
23/07/2009,1.9132
24/07/2009,1.9159
27/07/2009,1.9347
28/07/2009,1.9106
29/07/2009,1.855
30/07/2009,1.9911
31/07/2009,2.0448
03/08/2009,2.0693
04/08/2009,2.0567
05/08/2009,2.0512
06/08/2009,2.0607
07/08/2009,2.0081
10/08/2009,2.0274
11/08/2009,2.0422
12/08/2009,2.0253
13/08/2009,2.0192
14/08/2009,1.938
17/08/2009,1.9515
18/08/2009,2.0002
19/08/2009,2.0346
20/08/2009,1.9822
21/08/2009,1.9956
24/08/2009,2.0491
25/08/2009,2.007
26/08/2009,1.9826
27/08/2009,2.0314
28/08/2009,2.0618
31/08/2009,1.9859
01/09/2009,1.7822
02/09/2009,1.8086
03/09/2009,1.7928
04/09/2009,1.7763
08/09/2009,1.8289
09/09/2009,1.8281
10/09/2009,1.8036
11/09/2009,1.7598
14/09/2009,1.7433
15/09/2009,1.7892
16/09/2009,1.8483
17/09/2009,1.8512
18/09/2009,1.8324
21/09/2009,1.7514
22/09/2009,1.7816
23/09/2009,1.7049
24/09/2009,1.6366
25/09/2009,1.6205
28/09/2009,1.638
29/09/2009,1.6281
30/09/2009,1.7259
01/10/2009,1.7579
02/10/2009,1.7409
05/10/2009,1.7539
06/10/2009,1.7727
07/10/2009,1.7203
08/10/2009,1.7797
09/10/2009,1.768
12/10/2009,1.799
13/10/2009,1.8318
14/10/2009,1.8575
15/10/2009,1.9449
16/10/2009,1.9793
19/10/2009,1.9872
20/10/2009,1.9877
21/10/2009,2.0543
22/10/2009,2.0442
23/10/2009,2.0438
26/10/2009,2.0338
27/10/2009,2.0705
28/10/2009,1.9864
29/10/2009,2.019
30/10/2009,1.9432
02/11/2009,1.9903
03/11/2009,2.0004
04/11/2009,2.0127
05/11/2009,1.9877
06/11/2009,1.9243
09/11/2009,1.9818
10/11/2009,1.9774
11/11/2009,1.9927
12/11/2009,1.9405
13/11/2009,1.9162
16/11/2009,1.9868
17/11/2009,2.0049
18/11/2009,2.0114
19/11/2009,1.9695
20/11/2009,1.9806
23/11/2009,1.9794
24/11/2009,1.939
25/11/2009,1.9976
27/11/2009,1.9262
30/11/2009,2.0008
01/12/2009,2.0423
02/12/2009,1.9928
03/12/2009,1.993
04/12/2009,1.975
07/12/2009,1.9406
08/12/2009,1.9246
09/12/2009,1.8573
10/12/2009,1.8351
11/12/2009,1.8416
14/12/2009,1.8267
15/12/2009,1.8451
16/12/2009,1.8739
17/12/2009,1.852
18/12/2009,1.8948
21/12/2009,1.8691
22/12/2009,1.8888
23/12/2009,1.9666
24/12/2009,1.9896
28/12/2009,2.0184
29/12/2009,2.0106
30/12/2009,2.0406
31/12/2009,2.0525
04/01/2010,2.1044
05/01/2010,2.125
06/01/2010,2.1366
07/01/2010,2.1349
08/01/2010,2.1553
11/01/2010,2.1427
12/01/2010,2.0978
13/01/2010,2.0602
14/01/2010,2.0738
15/01/2010,2.0454
19/01/2010,2.0591
20/01/2010,2.0465
21/01/2010,1.9829
22/01/2010,1.9657
25/01/2010,2.0008
26/01/2010,1.9674
27/01/2010,1.9392
28/01/2010,1.9174
29/01/2010,1.9031
01/02/2010,1.9321
02/02/2010,2.0179
03/02/2010,2.0362
04/02/2010,1.9508
05/02/2010,1.8864
08/02/2010,1.894
09/02/2010,1.929
10/02/2010,1.929
11/02/2010,1.9357
12/02/2010,1.9295
16/02/2010,1.9882
17/02/2010,2.0071
18/02/2010,2.0692
19/02/2010,2.0857
22/02/2010,2.1158
23/02/2010,2.0656
24/02/2010,2.0989
25/02/2010,2.037
26/02/2010,2.0788
01/03/2010,2.1556
02/03/2010,2.1966
03/03/2010,2.2476
04/03/2010,2.2337
05/03/2010,2.271
08/03/2010,2.2892
09/03/2010,2.2603
10/03/2010,2.2851
11/03/2010,2.272
12/03/2010,2.255
15/03/2010,2.2228
16/03/2010,2.275
17/03/2010,2.3097
18/03/2010,2.3009
19/03/2010,2.2556
22/03/2010,2.2562
23/03/2010,2.2628
24/03/2010,2.2212
25/03/2010,2.2177
26/03/2010,2.2074
29/03/2010,2.2613
30/03/2010,2.2747
31/03/2010,2.31
01/04/2010,2.3237
05/04/2010,2.3502
06/04/2010,2.3483
07/04/2010,2.3147
08/04/2010,2.2983
09/04/2010,2.2893
12/04/2010,2.2958
13/04/2010,2.3093
14/04/2010,2.3327
15/04/2010,2.3262
16/04/2010,2.277
19/04/2010,2.2544
20/04/2010,2.2809
21/04/2010,2.2827
22/04/2010,2.3002
23/04/2010,2.3531
26/04/2010,2.3409
27/04/2010,2.3268
28/04/2010,2.3327
29/04/2010,2.3556
30/04/2010,2.3963
03/05/2010,2.4351
04/05/2010,2.3222
05/05/2010,2.2204
06/05/2010,2.1563
07/05/2010,2.1251
10/05/2010,2.1726
11/05/2010,2.1952
12/05/2010,2.2104
13/05/2010,2.1951
14/05/2010,2.1308
17/05/2010,2.0431
18/05/2010,2.0431
19/05/2010,2.0152
20/05/2010,1.9645
21/05/2010,1.9612
24/05/2010,1.9708
25/05/2010,1.9308
26/05/2010,1.9704
27/05/2010,2.0389
28/05/2010,2.0198
01/06/2010,1.9825
02/06/2010,2.0261
03/06/2010,2.0812
04/06/2010,1.9953
07/06/2010,1.9949
08/06/2010,1.9891
09/06/2010,2.0397
10/06/2010,2.0705
11/06/2010,2.0497
14/06/2010,2.0764
15/06/2010,2.1215
16/06/2010,2.1452
17/06/2010,2.164
18/06/2010,2.1476
21/06/2010,2.1428
22/06/2010,2.1335
23/06/2010,2.0823
24/06/2010,2.0935
25/06/2010,2.1678
28/06/2010,2.1376
29/06/2010,2.072
30/06/2010,2.0606
01/07/2010,1.9976
02/07/2010,1.9777
06/07/2010,1.9713
07/07/2010,2.0253
08/07/2010,2.0511
09/07/2010,2.07
12/07/2010,2.028
13/07/2010,2.0821
14/07/2010,2.0665
15/07/2010,2.0607
16/07/2010,2.0486
19/07/2010,2.059
20/07/2010,2.0786
21/07/2010,2.0678
22/07/2010,2.1466
23/07/2010,2.1222
26/07/2010,2.1058
27/07/2010,2.0632
28/07/2010,2.0634
29/07/2010,2.0974
30/07/2010,2.1066
02/08/2010,2.1685
03/08/2010,2.1935
04/08/2010,2.175
05/08/2010,2.1644
06/08/2010,2.1127
09/08/2010,2.1187
10/08/2010,2.0853
11/08/2010,1.9976
12/08/2010,1.9548
13/08/2010,1.9396
16/08/2010,1.9243
17/08/2010,1.9532
18/08/2010,1.9612
19/08/2010,1.9287
20/08/2010,1.9251
23/08/2010,1.881
24/08/2010,1.8494
25/08/2010,1.8639
26/08/2010,1.9085
27/08/2010,1.9479
30/08/2010,1.9341
31/08/2010,1.8894
01/09/2010,1.8891
02/09/2010,1.9216
03/09/2010,1.9195
07/09/2010,1.9329
08/09/2010,1.9394
09/09/2010,1.9354
10/09/2010,1.9731
13/09/2010,1.9806
14/09/2010,1.969
15/09/2010,1.9625
16/09/2010,1.9247
17/09/2010,1.9192
20/09/2010,1.9496
21/09/2010,1.9196
22/09/2010,1.9014
23/09/2010,1.9174
24/09/2010,1.9471
27/09/2010,1.9488
28/09/2010,1.9479
29/09/2010,1.9955
30/09/2010,2.0448
01/10/2010,2.0861
04/10/2010,2.0933
05/10/2010,2.1255
06/10/2010,2.1559
07/10/2010,2.118
08/10/2010,2.1512
11/10/2010,2.1655
12/10/2010,2.1239
13/10/2010,2.1661
14/10/2010,2.1365
15/10/2010,2.1038
18/10/2010,2.1515
19/10/2010,2.0483
20/10/2010,2.0826
21/10/2010,2.041
22/10/2010,2.0638
25/10/2010,2.0773
26/10/2010,2.094
27/10/2010,2.102
28/10/2010,2.1139
29/10/2010,2.1045
01/11/2010,2.0929
02/11/2010,2.1096
03/11/2010,2.138
04/11/2010,2.1771
05/11/2010,2.18
08/11/2010,2.1785
09/11/2010,2.185
10/11/2010,2.2362
11/11/2010,2.2357
12/11/2010,2.2099
15/11/2010,2.195
16/11/2010,2.1557
17/11/2010,2.1579
18/11/2010,2.2283
19/11/2010,2.196
22/11/2010,2.1519
23/11/2010,2.1342
24/11/2010,2.2136
26/11/2010,2.2103
29/11/2010,2.2846
30/11/2010,2.2652
01/12/2010,2.3004
02/12/2010,2.3553
03/12/2010,2.3521
06/12/2010,2.3417
07/12/2010,2.323
08/12/2010,2.3046
09/12/2010,2.3405
10/12/2010,2.3093
13/12/2010,2.3184
14/12/2010,2.2964
15/12/2010,2.3092
16/12/2010,2.3043
17/12/2010,2.3178
20/12/2010,2.3778
21/12/2010,2.3985
22/12/2010,2.4245
23/12/2010,2.4426
27/12/2010,2.4209
28/12/2010,2.4056
29/12/2010,2.3904
30/12/2010,2.3918
31/12/2010,2.4532
03/01/2011,2.4273
04/01/2011,2.414
05/01/2011,2.4451
06/01/2011,2.443
07/01/2011,2.4131
10/01/2011,2.4543
11/01/2011,2.4784
12/01/2011,2.4631
13/01/2011,2.4459
14/01/2011,2.4946
18/01/2011,2.4792
19/01/2011,2.4816
20/01/2011,2.4225
21/01/2011,2.4589
24/01/2011,2.4132
25/01/2011,2.3427
26/01/2011,2.4306
27/01/2011,2.3816
28/01/2011,2.4568
31/01/2011,2.4906
01/02/2011,2.5194
02/02/2011,2.4985
03/02/2011,2.5034
04/02/2011,2.4353
07/02/2011,2.4505
08/02/2011,2.4942
09/02/2011,2.526
10/02/2011,2.4698
11/02/2011,2.4652
14/02/2011,2.5174
15/02/2011,2.4888
16/02/2011,2.5447
17/02/2011,2.5277
18/02/2011,2.5513
22/02/2011,2.6021
23/02/2011,2.7149
24/02/2011,2.7167
25/02/2011,2.7395
28/02/2011,2.7296
01/03/2011,2.9834
02/03/2011,3.0295
03/03/2011,3.0262
04/03/2011,3.0464
07/03/2011,3.0039
08/03/2011,2.9467
09/03/2011,3.0272
10/03/2011,3.0196
11/03/2011,2.9877
14/03/2011,2.9603
15/03/2011,2.8029
16/03/2011,2.8437
17/03/2011,2.9506
18/03/2011,2.9494
21/03/2011,2.9974
22/03/2011,3.0045
23/03/2011,3.0213
24/03/2011,3.0448
25/03/2011,3.0445
28/03/2011,3.0274
29/03/2011,3.0458
30/03/2011,3.064
31/03/2011,3.1076
01/04/2011,3.1513
04/04/2011,3.1688
05/04/2011,3.2013
06/04/2011,3.1929
07/04/2011,3.1865
08/04/2011,3.2607
11/04/2011,3.2005
12/04/2011,3.1641
13/04/2011,3.2424
14/04/2011,3.2347
15/04/2011,3.2892
18/04/2011,3.2528
19/04/2011,3.2331
20/04/2011,3.2773
21/04/2011,3.3086
25/04/2011,3.3229
26/04/2011,3.3572
27/04/2011,3.4194
28/04/2011,3.4298
29/04/2011,3.4648
02/05/2011,3.3479
03/05/2011,3.3294
04/05/2011,3.3225
05/05/2011,3.0954
06/05/2011,3.0901
09/05/2011,3.2784
10/05/2011,3.3797
11/05/2011,3.1228
12/05/2011,3.0639
13/05/2011,3.0744
16/05/2011,2.9311
17/05/2011,2.9193
18/05/2011,2.9555
19/05/2011,2.926
20/05/2011,2.9358
23/05/2011,2.9381
24/05/2011,2.9928
25/05/2011,3.0162
26/05/2011,3.0483
27/05/2011,3.092
31/05/2011,3.1504
01/06/2011,2.9773
02/06/2011,2.9677
03/06/2011,2.9931
06/06/2011,2.9499
07/06/2011,2.9919
08/06/2011,2.9787
09/06/2011,3.0398
10/06/2011,3.0177
13/06/2011,2.9968
14/06/2011,3.0646
15/06/2011,2.9235
16/06/2011,2.9494
17/06/2011,2.946
20/06/2011,2.9115
21/06/2011,2.8826
22/06/2011,2.9733
23/06/2011,2.8376
24/06/2011,2.7766
27/06/2011,2.8075
28/06/2011,2.8896
29/06/2011,3.0097
30/06/2011,3.0316
01/07/2011,2.9726
05/07/2011,2.9774
06/07/2011,2.9976
07/07/2011,3.127
08/07/2011,3.0926
11/07/2011,3.0705
12/07/2011,3.0982
13/07/2011,3.1516
14/07/2011,3.1248
15/07/2011,3.1293
18/07/2011,3.0974
19/07/2011,3.1149
20/07/2011,3.147
21/07/2011,3.0995
22/07/2011,3.1301
25/07/2011,3.1264
26/07/2011,3.1536
27/07/2011,3.1423
28/07/2011,3.1176
29/07/2011,3.1129
01/08/2011,3.054
02/08/2011,3.0373
03/08/2011,2.9313
04/08/2011,2.7372
05/08/2011,2.8052
08/08/2011,2.6916
09/08/2011,2.6676
10/08/2011,2.7825
11/08/2011,2.8273
12/08/2011,2.8222
15/08/2011,2.8745
16/08/2011,2.8538
17/08/2011,2.8703
18/08/2011,2.7832
19/08/2011,2.8412
22/08/2011,2.8351
23/08/2011,2.8766
24/08/2011,2.8784
25/08/2011,2.9679
26/08/2011,2.9346
29/08/2011,2.9064
30/08/2011,2.9958
31/08/2011,3.032
01/09/2011,2.8927
02/09/2011,2.8396
06/09/2011,2.8226
07/09/2011,2.908
08/09/2011,2.8852
09/09/2011,2.771
12/09/2011,2.7382
13/09/2011,2.7424
14/09/2011,2.7258
15/09/2011,2.7828
16/09/2011,2.7841
19/09/2011,2.6965
20/09/2011,2.7014
21/09/2011,2.6665
22/09/2011,2.56
23/09/2011,2.5547
26/09/2011,2.5694
27/09/2011,2.6955
28/09/2011,2.6507
29/09/2011,2.6192
30/09/2011,2.626
03/10/2011,2.511
04/10/2011,2.4884
05/10/2011,2.5692
06/10/2011,2.686
07/10/2011,2.6476
10/10/2011,2.6953
11/10/2011,2.7476
12/10/2011,2.7487
13/10/2011,2.7575
14/10/2011,2.8247
17/10/2011,2.7429
18/10/2011,2.7469
19/10/2011,2.6715
20/10/2011,2.6755
21/10/2011,2.6846
24/10/2011,2.6888
25/10/2011,2.6998
26/10/2011,2.6516
27/10/2011,2.742
28/10/2011,2.6822
31/10/2011,2.6429
01/11/2011,2.6244
02/11/2011,2.6272
03/11/2011,2.6418
04/11/2011,2.6634
07/11/2011,2.7282
08/11/2011,2.7064
09/11/2011,2.6442
10/11/2011,2.6368
11/11/2011,2.6038
14/11/2011,2.5353
15/11/2011,2.5857
16/11/2011,2.6273
17/11/2011,2.5071
18/11/2011,2.4784
21/11/2011,2.489
22/11/2011,2.5618
23/11/2011,2.5177
25/11/2011,2.4489
28/11/2011,2.5181
29/11/2011,2.5391
30/11/2011,2.5677
01/12/2011,2.5579
02/12/2011,2.6162
05/12/2011,2.6137
06/12/2011,2.6454
07/12/2011,2.5869
08/12/2011,2.5666
09/12/2011,2.5961
12/12/2011,2.5636
13/12/2011,2.6254
14/12/2011,2.5037
15/12/2011,2.4877
16/12/2011,2.487
19/12/2011,2.4891
20/12/2011,2.5787
21/12/2011,2.6199
22/12/2011,2.6398
23/12/2011,2.6872
27/12/2011,2.6888
28/12/2011,2.6513
29/12/2011,2.6801
30/12/2011,2.6863
03/01/2012,2.7486
04/01/2012,2.7852
05/01/2012,2.7365
06/01/2012,2.7516
09/01/2012,2.759
10/01/2012,2.7728
11/01/2012,2.7633
12/01/2012,2.7313
13/01/2012,2.7342
17/01/2012,2.7713
18/01/2012,2.8254
19/01/2012,2.8158
20/01/2012,2.7844
23/01/2012,2.7779
24/01/2012,2.805
25/01/2012,2.8338
26/01/2012,2.8466
27/01/2012,2.9268
30/01/2012,2.8707
31/01/2012,2.8874
01/02/2012,2.8922
02/02/2012,2.8689
03/02/2012,2.9144
06/02/2012,2.9279
07/02/2012,2.9275
08/02/2012,2.9752
09/02/2012,3.0128
10/02/2012,2.9749
13/02/2012,3.0125
14/02/2012,2.9825
15/02/2012,3.0067
16/02/2012,3.0471
17/02/2012,3.0156
21/02/2012,3.0702
22/02/2012,3.0877
23/02/2012,3.1136
24/02/2012,3.1528
27/02/2012,3.1283
28/02/2012,3.0401
29/02/2012,3.0423
01/03/2012,3.3517
02/03/2012,3.2721
05/03/2012,3.258
06/03/2012,3.2299
07/03/2012,3.2874
08/03/2012,3.314
09/03/2012,3.3324
12/03/2012,3.323
13/03/2012,3.3546
14/03/2012,3.347
15/03/2012,3.2885
16/03/2012,3.3569
19/03/2012,3.3678
20/03/2012,3.3631
21/03/2012,3.3571
22/03/2012,3.3396
23/03/2012,3.3852
26/03/2012,3.4166
27/03/2012,3.4056
28/03/2012,3.3955
29/03/2012,3.4006
30/03/2012,3.3899
02/04/2012,3.3822
03/04/2012,3.3954
04/04/2012,3.3336
05/04/2012,3.3405
09/04/2012,3.2967
10/04/2012,3.2496
11/04/2012,3.2955
12/04/2012,3.3567
13/04/2012,3.3461
16/04/2012,3.267
17/04/2012,3.234
18/04/2012,3.2027
19/04/2012,3.1541
20/04/2012,3.1427
23/04/2012,3.1873
24/04/2012,3.1593
25/04/2012,3.1557
26/04/2012,3.1833
27/04/2012,3.2062
30/04/2012,3.1844
01/05/2012,3.0971
02/05/2012,3.0757
03/05/2012,3.05
04/05/2012,2.9758
07/05/2012,2.9741
08/05/2012,2.9944
09/05/2012,3.0241
10/05/2012,3.0102
11/05/2012,3.0008
14/05/2012,2.959
15/05/2012,2.9441
16/05/2012,2.9209
17/05/2012,2.8782
18/05/2012,2.8895
21/05/2012,2.9401
22/05/2012,2.937
23/05/2012,2.8723
24/05/2012,2.8765
25/05/2012,2.8929
29/05/2012,2.9065
30/05/2012,2.8582
31/05/2012,2.825
01/06/2012,2.6568
04/06/2012,2.6707
05/06/2012,2.6847
06/06/2012,2.6903
07/06/2012,2.685
08/06/2012,2.6852
11/06/2012,2.6566
12/06/2012,2.6502
13/06/2012,2.6554
14/06/2012,2.6764
15/06/2012,2.7017
18/06/2012,2.6609
19/06/2012,2.6415
20/06/2012,2.5902
21/06/2012,2.5501
22/06/2012,2.5699
25/06/2012,2.6458
26/06/2012,2.6451
27/06/2012,2.6204
28/06/2012,2.6142
29/06/2012,2.7272
02/07/2012,2.6239
03/07/2012,2.7229
05/07/2012,2.7648
06/07/2012,2.716
09/07/2012,2.7594
10/07/2012,2.7469
11/07/2012,2.7689
12/07/2012,2.8062
13/07/2012,2.8161
16/07/2012,2.8547
17/07/2012,2.845
18/07/2012,2.8834
19/07/2012,2.9389
20/07/2012,2.943
23/07/2012,2.8829
24/07/2012,2.8248
25/07/2012,2.7929
26/07/2012,2.8138
27/07/2012,2.8878
30/07/2012,2.9368
31/07/2012,2.9146
01/08/2012,2.8342
02/08/2012,2.8696
03/08/2012,2.931
06/08/2012,2.9222
07/08/2012,2.9913
08/08/2012,2.9804
09/08/2012,3.0008
10/08/2012,3.0039
13/08/2012,2.9907
14/08/2012,3.0014
15/08/2012,3.084
16/08/2012,3.0832
17/08/2012,3.0275
20/08/2012,3.0308
21/08/2012,3.0652
22/08/2012,3.1042
23/08/2012,3.1158
24/08/2012,3.078
27/08/2012,3.1548
28/08/2012,3.1261
29/08/2012,3.1003
30/08/2012,3.0826
31/08/2012,3.1056
04/09/2012,2.9522
05/09/2012,2.9498
06/09/2012,2.991
07/09/2012,3.0196
10/09/2012,3.024
11/09/2012,3.0435
12/09/2012,3.0016
13/09/2012,2.9622
14/09/2012,3.0156
17/09/2012,2.9433
18/09/2012,2.899
19/09/2012,2.8286
20/09/2012,2.904
21/09/2012,2.9425
24/09/2012,2.9176
25/09/2012,2.9671
26/09/2012,3.0811
27/09/2012,3.1443
28/09/2012,3.342
01/10/2012,2.9201
02/10/2012,2.8692
03/10/2012,2.7995
04/10/2012,2.9429
05/10/2012,2.9525
08/10/2012,2.8931
09/10/2012,2.9587
10/10/2012,2.9593
11/10/2012,2.9556
12/10/2012,2.8928
15/10/2012,2.8503
16/10/2012,2.8453
17/10/2012,2.7817
18/10/2012,2.7451
19/10/2012,2.6963
22/10/2012,2.6475
23/10/2012,2.605
24/10/2012,2.603
25/10/2012,2.6764
26/10/2012,2.6991
29/10/2012,2.7568
30/10/2012,2.7288
31/10/2012,2.7618
01/11/2012,2.6336
02/11/2012,2.5736
05/11/2012,2.6202
06/11/2012,2.6989
07/11/2012,2.5889
08/11/2012,2.6073
09/11/2012,2.6992
12/11/2012,2.6763
13/11/2012,2.6538
14/11/2012,2.679
15/11/2012,2.6962
16/11/2012,2.7101
19/11/2012,2.7545
20/11/2012,2.7125
21/11/2012,2.7495
23/11/2012,2.7439
26/11/2012,2.7263
27/11/2012,2.7321
28/11/2012,2.7339
29/11/2012,2.787
30/11/2012,2.7614
03/12/2012,2.7265
04/12/2012,2.689
05/12/2012,2.6378
06/12/2012,2.5969
07/12/2012,2.5974
10/12/2012,2.5981
11/12/2012,2.6105
12/12/2012,2.6465
13/12/2012,2.6021
14/12/2012,2.6621
17/12/2012,2.6546
18/12/2012,2.6909
19/12/2012,2.7431
20/12/2012,2.7543
21/12/2012,2.7347
24/12/2012,2.7506
26/12/2012,2.8158
27/12/2012,2.8213
28/12/2012,2.7999
31/12/2012,2.812
02/01/2013,2.7951
03/01/2013,2.7977
04/01/2013,2.7643
07/01/2013,2.7774
08/01/2013,2.7944
09/01/2013,2.7789
10/01/2013,2.7933
11/01/2013,2.7395
14/01/2013,2.7541
15/01/2013,2.7066
16/01/2013,2.7214
17/01/2013,2.7684
18/01/2013,2.7968
22/01/2013,2.8299
23/01/2013,2.8338
24/01/2013,2.8629
25/01/2013,2.8754
28/01/2013,2.9348
29/01/2013,2.9734
30/01/2013,3.0387
31/01/2013,3.0258
01/02/2013,3.0536
04/02/2013,3.0115
05/02/2013,3.0374
06/02/2013,3.0397
07/02/2013,2.9999
08/02/2013,3.0588
11/02/2013,3.0212
12/02/2013,3.0503
13/02/2013,3.0354
14/02/2013,3.1166
15/02/2013,3.1345
19/02/2013,3.1212
20/02/2013,3.0595
21/02/2013,3.0365
22/02/2013,3.0796
25/02/2013,3.0611
26/02/2013,2.9816
27/02/2013,2.8565
28/02/2013,2.9146
01/03/2013,3.1286
04/03/2013,3.0983
05/03/2013,3.1482
06/03/2013,3.1247
07/03/2013,3.1233
08/03/2013,3.2035
11/03/2013,3.1524
12/03/2013,3.1502
13/03/2013,3.1423
14/03/2013,3.1413
15/03/2013,3.1638
18/03/2013,3.1289
19/03/2013,3.0451
20/03/2013,3.1163
21/03/2013,3.0706
22/03/2013,3.0625
25/03/2013,3.0626
26/03/2013,3.1106
27/03/2013,3.1155
28/03/2013,3.1054
01/04/2013,3.1015
02/04/2013,3.0408
03/04/2013,2.914
04/04/2013,2.8987
05/04/2013,2.8636
08/04/2013,2.9093
09/04/2013,2.9424
10/04/2013,2.8651
11/04/2013,2.831
12/04/2013,2.8018
15/04/2013,2.7576
16/04/2013,2.7818
17/04/2013,2.729
18/04/2013,2.7555
19/04/2013,2.7724
22/04/2013,2.7694
23/04/2013,2.719
24/04/2013,2.7474
25/04/2013,2.8118
26/04/2013,2.8349
29/04/2013,2.8275
30/04/2013,2.8009
01/05/2013,2.7193
02/05/2013,2.7806
03/05/2013,2.8254
06/05/2013,2.8657
07/05/2013,2.8334
08/05/2013,2.8538
09/05/2013,2.8851
10/05/2013,2.8603
13/05/2013,2.821
14/05/2013,2.8376
15/05/2013,2.867
16/05/2013,2.8822
17/05/2013,2.9069
20/05/2013,2.9056
21/05/2013,2.8458
22/05/2013,2.8194
23/05/2013,2.8281
24/05/2013,2.839
28/05/2013,2.8528
29/05/2013,2.8031
30/05/2013,2.8125
31/05/2013,2.7792
03/06/2013,2.7851
04/06/2013,2.8182
05/06/2013,2.823
06/06/2013,2.8509
07/06/2013,2.8715
10/06/2013,2.8481
11/06/2013,2.8231
12/06/2013,2.8101
13/06/2013,2.8613
14/06/2013,2.8967
17/06/2013,2.8561
18/06/2013,2.8794
19/06/2013,2.8924
20/06/2013,2.7872
21/06/2013,2.7617
24/06/2013,2.7376
25/06/2013,2.7374
26/06/2013,2.7306
27/06/2013,2.7426
28/06/2013,2.752
01/07/2013,2.7379
02/07/2013,2.7833
03/07/2013,2.8382
05/07/2013,2.8968
08/07/2013,2.8837
09/07/2013,2.926
10/07/2013,3.0149
11/07/2013,3.0214
12/07/2013,3.1175
15/07/2013,3.1029
16/07/2013,3.1343
17/07/2013,3.1101
18/07/2013,3.1098
19/07/2013,3.1234
22/07/2013,3.0551
23/07/2013,3.0591
24/07/2013,3.0548
25/07/2013,3.017
26/07/2013,3.0444
29/07/2013,3.0125
30/07/2013,3.0185
31/07/2013,3.0442
01/08/2013,3.0284
02/08/2013,2.9947
05/08/2013,2.9506
06/08/2013,2.9151
07/08/2013,2.8711
08/08/2013,2.8576
09/08/2013,2.9082
12/08/2013,2.9041
13/08/2013,2.9425
14/08/2013,2.983
15/08/2013,2.9845
16/08/2013,2.9675
19/08/2013,2.9333
20/08/2013,2.9272
21/08/2013,2.9377
22/08/2013,2.9648
23/08/2013,3.0072
26/08/2013,2.9517
27/08/2013,3.0341
28/08/2013,3.0945
29/08/2013,3.0664
30/08/2013,3.0183
03/09/2013,2.8646
04/09/2013,2.8643
05/09/2013,2.836
06/09/2013,2.8537
09/09/2013,2.8024
10/09/2013,2.7357
11/09/2013,2.7122
12/09/2013,2.7627
13/09/2013,2.7696
16/09/2013,2.7166
17/09/2013,2.6611
18/09/2013,2.7421
19/09/2013,2.6972
20/09/2013,2.6842
23/09/2013,2.623
24/09/2013,2.6592
25/09/2013,2.6729
26/09/2013,2.705
27/09/2013,2.6762
30/09/2013,2.6347
01/10/2013,2.6106
02/10/2013,2.6287
03/10/2013,2.6396
04/10/2013,2.6076
07/10/2013,2.6261
08/10/2013,2.6306
09/10/2013,2.623
10/10/2013,2.6981
11/10/2013,2.6681
14/10/2013,2.6668
15/10/2013,2.6598
16/10/2013,2.7021
17/10/2013,2.6479
18/10/2013,2.6732
21/10/2013,2.6538
22/10/2013,2.6167
23/10/2013,2.5523
24/10/2013,2.5896
25/10/2013,2.5871
28/10/2013,2.6309
29/10/2013,2.6098
30/10/2013,2.6508
31/10/2013,2.6337
01/11/2013,2.5454
04/11/2013,2.5282
05/11/2013,2.5161
06/11/2013,2.548
07/11/2013,2.5031
08/11/2013,2.5534
11/11/2013,2.5965
12/11/2013,2.5864
13/11/2013,2.628
14/11/2013,2.6837
15/11/2013,2.6577
18/11/2013,2.6568
19/11/2013,2.6395
20/11/2013,2.663
21/11/2013,2.7438
22/11/2013,2.7261
25/11/2013,2.6807
26/11/2013,2.6869
27/11/2013,2.6983
29/11/2013,2.6841
02/12/2013,2.6784
03/12/2013,2.7237
04/12/2013,2.7192
05/12/2013,2.7127
06/12/2013,2.7269
09/12/2013,2.6749
10/12/2013,2.6829
11/12/2013,2.6611
12/12/2013,2.6348
13/12/2013,2.6293
16/12/2013,2.6437
17/12/2013,2.6472
18/12/2013,2.6973
19/12/2013,2.7401
20/12/2013,2.7831
23/12/2013,2.7803
24/12/2013,2.8142
26/12/2013,2.82
27/12/2013,2.8161
30/12/2013,2.7877
31/12/2013,2.7858
02/01/2014,2.695
03/01/2014,2.6488
06/01/2014,2.646
07/01/2014,2.6786
08/01/2014,2.6563
09/01/2014,2.6426
10/01/2014,2.6691
13/01/2014,2.6341
14/01/2014,2.6224
15/01/2014,2.6264
16/01/2014,2.5951
17/01/2014,2.6204
21/01/2014,2.6206
22/01/2014,2.6771
23/01/2014,2.6618
24/01/2014,2.6632
27/01/2014,2.6217
28/01/2014,2.6278
29/01/2014,2.6609
30/01/2014,2.6626
31/01/2014,2.6272
03/02/2014,2.6069
04/02/2014,2.6031
05/02/2014,2.6413
06/02/2014,2.683
07/02/2014,2.7489
10/02/2014,2.7248
11/02/2014,2.7526
12/02/2014,2.7631
13/02/2014,2.7772
14/02/2014,2.8053
18/02/2014,2.8323
19/02/2014,2.8247
20/02/2014,2.8466
21/02/2014,2.8333
24/02/2014,2.8336
25/02/2014,2.7981
26/02/2014,2.7992
27/02/2014,2.7618
28/02/2014,2.7898
03/03/2014,3.0203
04/03/2014,2.9853
05/03/2014,2.9403
06/03/2014,2.9455
07/03/2014,2.9738
10/03/2014,2.9494
11/03/2014,2.967
12/03/2014,2.9558
13/03/2014,2.9329
14/03/2014,2.9597
17/03/2014,2.8811
18/03/2014,2.9028
19/03/2014,2.8688
20/03/2014,2.8955
21/03/2014,2.9079
24/03/2014,2.8909
25/03/2014,2.8828
26/03/2014,2.9089
27/03/2014,2.9426
28/03/2014,2.9375
31/03/2014,2.911
01/04/2014,2.8697
02/04/2014,2.8668
03/04/2014,2.9118
04/04/2014,2.9313
07/04/2014,2.926
08/04/2014,2.9801
09/04/2014,3.0084
10/04/2014,3.0079
11/04/2014,3.0144
14/04/2014,3.0384
15/04/2014,3.0421
16/04/2014,3.0405
17/04/2014,3.0547
21/04/2014,3.0869
22/04/2014,3.0952
23/04/2014,3.0935
24/04/2014,3.0895
25/04/2014,3.0751
28/04/2014,3.0403
29/04/2014,3.0634
30/04/2014,3.0077
01/05/2014,2.9388
02/05/2014,2.9445
05/05/2014,2.9092
06/05/2014,2.8858
07/05/2014,2.9182
08/05/2014,2.905
09/05/2014,2.896
12/05/2014,2.9146
13/05/2014,2.9302
14/05/2014,2.9693
15/05/2014,2.9642
16/05/2014,2.9735
19/05/2014,2.9646
20/05/2014,2.964
21/05/2014,2.9942
22/05/2014,3.0058
23/05/2014,3.0235
27/05/2014,2.9952
28/05/2014,3.0059
29/05/2014,3.0136
30/05/2014,2.9965
02/06/2014,2.9499
03/06/2014,2.9487
04/06/2014,2.9352
05/06/2014,2.9563
06/06/2014,2.939
09/06/2014,2.9848
10/06/2014,2.9745
11/06/2014,3.0008
12/06/2014,3.0837
13/06/2014,3.0577
16/06/2014,3.0718
17/06/2014,3.0911
18/06/2014,3.0982
19/06/2014,3.1255
20/06/2014,3.1277
23/06/2014,3.1076
24/06/2014,3.1258
25/06/2014,3.0927
26/06/2014,3.0856
27/06/2014,3.0988
30/06/2014,3.077
01/07/2014,3.0366
02/07/2014,3.024
03/07/2014,3.0198
07/07/2014,2.989
08/07/2014,2.9729
09/07/2014,2.9377
10/07/2014,2.9576
11/07/2014,2.9085
14/07/2014,2.9251
15/07/2014,2.8986
16/07/2014,2.8825
17/07/2014,2.8817
18/07/2014,2.8603
21/07/2014,2.8914
22/07/2014,2.8807
23/07/2014,2.8601
24/07/2014,2.8368
25/07/2014,2.8653
28/07/2014,2.8492
29/07/2014,2.8709
30/07/2014,2.8433
31/07/2014,2.8311
01/08/2014,2.7443
04/08/2014,2.7249
05/08/2014,2.7155
06/08/2014,2.7397
07/08/2014,2.7723
08/08/2014,2.7537
11/08/2014,2.7525
12/08/2014,2.7345
13/08/2014,2.7544
14/08/2014,2.6666
15/08/2014,2.6986
18/08/2014,2.656
19/08/2014,2.6954
20/08/2014,2.7126
21/08/2014,2.7475
22/08/2014,2.7384
25/08/2014,2.7497
26/08/2014,2.7631
27/08/2014,2.7459
28/08/2014,2.7527
29/08/2014,2.7827
02/09/2014,2.543
03/09/2014,2.62
04/09/2014,2.5999
05/09/2014,2.5834
08/09/2014,2.5619
09/09/2014,2.5484
10/09/2014,2.5265
11/09/2014,2.5241
12/09/2014,2.5188
15/09/2014,2.5308
16/09/2014,2.5588
17/09/2014,2.5692
18/09/2014,2.561
19/09/2014,2.6114
22/09/2014,2.5847
23/09/2014,2.6287
24/09/2014,2.6638
25/09/2014,2.718
26/09/2014,2.6619
29/09/2014,2.6963
30/09/2014,2.5869
01/10/2014,2.4497
02/10/2014,2.4091
03/10/2014,2.3785
06/10/2014,2.4132
07/10/2014,2.3683
08/10/2014,2.3184
09/10/2014,2.2749
10/10/2014,2.2575
13/10/2014,2.2553
14/10/2014,2.1802
15/10/2014,2.1487
16/10/2014,2.2109
17/10/2014,2.2327
20/10/2014,2.2002
21/10/2014,2.2134
22/10/2014,2.1556
23/10/2014,2.2069
24/10/2014,2.1817
27/10/2014,2.1702
28/10/2014,2.1961
29/10/2014,2.2207
30/10/2014,2.1958
31/10/2014,2.1695
03/11/2014,2.1176
04/11/2014,2.078
05/11/2014,2.0867
06/11/2014,2.1301
07/11/2014,2.1352
10/11/2014,2.1011
11/11/2014,2.1036
12/11/2014,2.107
13/11/2014,2.0016
14/11/2014,2.0425
17/11/2014,2.0263
18/11/2014,2.0432
19/11/2014,2.0438
20/11/2014,2.0276
21/11/2014,2.0565
24/11/2014,2.0334
25/11/2014,2.0318
26/11/2014,2.0351
28/11/2014,1.9039
01/12/2014,1.881
02/12/2014,1.8116
03/12/2014,1.807
04/12/2014,1.7948
05/12/2014,1.7734
08/12/2014,1.7066
09/12/2014,1.7236
10/12/2014,1.6418
11/12/2014,1.6244
12/12/2014,1.5973
15/12/2014,1.5764
16/12/2014,1.541
17/12/2014,1.5662
18/12/2014,1.5272
19/12/2014,1.5595
22/12/2014,1.535
23/12/2014,1.5704
24/12/2014,1.5127
26/12/2014,1.5087
29/12/2014,1.4528
30/12/2014,1.4537
31/12/2014,1.4353
02/01/2015,1.4334
05/01/2015,1.3814
06/01/2015,1.3543
07/01/2015,1.3376
08/01/2015,1.3409
09/01/2015,1.3232
12/01/2015,1.2745
13/01/2015,1.2685
14/01/2015,1.3507
15/01/2015,1.2994
16/01/2015,1.3588
20/01/2015,1.3128
21/01/2015,1.3255
22/01/2015,1.3308
23/01/2015,1.3479
26/01/2015,1.3167
27/01/2015,1.3501
28/01/2015,1.345
29/01/2015,1.3537
30/01/2015,1.4152
02/02/2015,1.5446
03/02/2015,1.6013
04/02/2015,1.4817
05/02/2015,1.5248
06/02/2015,1.5591
09/02/2015,1.5782
10/02/2015,1.5523
11/02/2015,1.5432
12/02/2015,1.5955
13/02/2015,1.6262
17/02/2015,1.5901
18/02/2015,1.5736
19/02/2015,1.6162
20/02/2015,1.6407
23/02/2015,1.6462
24/02/2015,1.6202
25/02/2015,1.7187
26/02/2015,1.7076
27/02/2015,1.7676
02/03/2015,1.8973
03/03/2015,1.9499
04/03/2015,1.9257
05/03/2015,1.8873
06/03/2015,1.8819
09/03/2015,1.8747
10/03/2015,1.8183
11/03/2015,1.8264
12/03/2015,1.8095
13/03/2015,1.7623
16/03/2015,1.7286
17/03/2015,1.7301
18/03/2015,1.7991
19/03/2015,1.7743
20/03/2015,1.7978
23/03/2015,1.8039
24/03/2015,1.7997
25/03/2015,1.8365
26/03/2015,1.8817
27/03/2015,1.798
30/03/2015,1.8006
31/03/2015,1.78
01/04/2015,1.8312
02/04/2015,1.7613
03/04/2015,1.7613
06/04/2015,1.8425
07/04/2015,1.8609
08/04/2015,1.7392
09/04/2015,1.7592
10/04/2015,1.8073
13/04/2015,1.8046
14/04/2015,1.836
15/04/2015,1.936
16/04/2015,1.9354
17/04/2015,1.9299
20/04/2015,1.9315
21/04/2015,1.8881
22/04/2015,1.9245
23/04/2015,1.9956
24/04/2015,2.0079
27/04/2015,2.009
28/04/2015,2.0018
29/04/2015,2.0179
30/04/2015,2.0497
01/05/2015,2.0453
04/05/2015,2.0339
05/05/2015,2.0634
06/05/2015,2.0366
07/05/2015,1.9903
08/05/2015,1.9918
11/05/2015,1.9864
12/05/2015,2.0393
13/05/2015,2.0405
14/05/2015,2.0575
15/05/2015,2.0568
18/05/2015,2.0411
19/05/2015,1.995
20/05/2015,2.0411
21/05/2015,2.0824
22/05/2015,2.0539
26/05/2015,1.9983
27/05/2015,1.9445
28/05/2015,1.9851
29/05/2015,2.0858
01/06/2015,2.0422
02/06/2015,2.0648
03/06/2015,2.0453
04/06/2015,1.9806
05/06/2015,2.03
08/06/2015,2.0075
09/06/2015,2.0771
10/06/2015,2.1464
11/06/2015,2.1381
12/06/2015,2.1211
15/06/2015,2.0991
16/06/2015,2.1245
17/06/2015,2.1005
18/06/2015,2.1101
19/06/2015,2.0586
22/06/2015,2.0297
23/06/2015,2.0766
24/06/2015,2.0555
25/06/2015,2.0368
26/06/2015,2.0485
29/06/2015,2.0303
30/06/2015,2.0896
01/07/2015,2.0068
02/07/2015,2.0343
06/07/2015,1.9237
07/07/2015,1.9494
08/07/2015,1.999
09/07/2015,2.0451
10/07/2015,2.0165
13/07/2015,1.9396
14/07/2015,1.9307
15/07/2015,1.8589
16/07/2015,1.8967
17/07/2015,1.9286
20/07/2015,1.9303
21/07/2015,1.9209
22/07/2015,1.8676
23/07/2015,1.8521
24/07/2015,1.8282
27/07/2015,1.8204
28/07/2015,1.8032
29/07/2015,1.8224
30/07/2015,1.8279
31/07/2015,1.841
03/08/2015,1.6745
04/08/2015,1.6852
05/08/2015,1.6705
06/08/2015,1.6478
07/08/2015,1.623
10/08/2015,1.694
11/08/2015,1.6937
12/08/2015,1.7635
13/08/2015,1.7141
14/08/2015,1.6869
17/08/2015,1.6542
18/08/2015,1.6468
19/08/2015,1.5592
20/08/2015,1.5346
21/08/2015,1.5449
24/08/2015,1.471
25/08/2015,1.4386
26/08/2015,1.3549
27/08/2015,1.4568
28/08/2015,1.5218
31/08/2015,1.6404
01/09/2015,1.3956
02/09/2015,1.4252
03/09/2015,1.4371
04/09/2015,1.4182
08/09/2015,1.4021
09/09/2015,1.3597
10/09/2015,1.3936
11/09/2015,1.3699
14/09/2015,1.3043
15/09/2015,1.3329
16/09/2015,1.3821
17/09/2015,1.376
18/09/2015,1.3562
21/09/2015,1.4031
22/09/2015,1.4164
23/09/2015,1.3816
24/09/2015,1.3652
25/09/2015,1.3959
28/09/2015,1.3488
29/09/2015,1.3632
30/09/2015,1.3894
01/10/2015,1.3668
02/10/2015,1.3414
05/10/2015,1.3853
06/10/2015,1.4362
07/10/2015,1.39
08/10/2015,1.4078
09/10/2015,1.4167
12/10/2015,1.3411
13/10/2015,1.314
14/10/2015,1.3083
15/10/2015,1.3072
16/10/2015,1.328
19/10/2015,1.2514
20/10/2015,1.2783
21/10/2015,1.2808
22/10/2015,1.3067
23/10/2015,1.3036
26/10/2015,1.2879
27/10/2015,1.2872
28/10/2015,1.3501
29/10/2015,1.3496
30/10/2015,1.405
02/11/2015,1.3753
03/11/2015,1.4455
04/11/2015,1.3919
05/11/2015,1.361
06/11/2015,1.3695
09/11/2015,1.3705
10/11/2015,1.3618
11/11/2015,1.3294
12/11/2015,1.2731
13/11/2015,1.2389
16/11/2015,1.2386
17/11/2015,1.238
18/11/2015,1.2661
19/11/2015,1.2879
20/11/2015,1.2903
23/11/2015,1.3134
24/11/2015,1.3902
25/11/2015,1.3961
27/11/2015,1.3905
30/11/2015,1.3587
01/12/2015,1.363
02/12/2015,1.2931
03/12/2015,1.2963
04/12/2015,1.2702
07/12/2015,1.2094
08/12/2015,1.2036
09/12/2015,1.2317
10/12/2015,1.2802
11/12/2015,1.2815
14/12/2015,1.2558
15/12/2015,1.2444
16/12/2015,1.2328
17/12/2015,1.2616
18/12/2015,1.2746
21/12/2015,1.2094
22/12/2015,1.1749
23/12/2015,1.2414
24/12/2015,1.2643
28/12/2015,1.2326
29/12/2015,1.276
30/12/2015,1.23
31/12/2015,1.2671
04/01/2016,1.2907
05/01/2016,1.2567
06/01/2016,1.1618
07/01/2016,1.146
08/01/2016,1.1277
11/01/2016,1.113
12/01/2016,1.0848
13/01/2016,1.0528
14/01/2016,1.0684
15/01/2016,1.0212
19/01/2016,1.0262
20/01/2016,1.0177
21/01/2016,1.0312
22/01/2016,1.0838
25/01/2016,1.03
26/01/2016,1.0472
27/01/2016,1.0457
28/01/2016,1.079
29/01/2016,1.1031
01/02/2016,1.083
02/02/2016,1.0008
03/02/2016,1.0137
04/02/2016,1.0284
05/02/2016,0.9927
08/02/2016,0.9561
09/02/2016,0.8989
10/02/2016,0.9425
11/02/2016,0.9417
12/02/2016,1.0432
16/02/2016,0.9709
17/02/2016,1.0034
18/02/2016,0.9724
19/02/2016,0.9594
22/02/2016,1.0006
23/02/2016,0.9663
24/02/2016,1.0104
25/02/2016,1.056
26/02/2016,1.0166
29/02/2016,1.0497
01/03/2016,1.3035
02/03/2016,1.3107
03/03/2016,1.2988
04/03/2016,1.3321
07/03/2016,1.3927
08/03/2016,1.3878
09/03/2016,1.4705
10/03/2016,1.439
11/03/2016,1.4443
14/03/2016,1.4226
15/03/2016,1.4082
16/03/2016,1.4183
17/03/2016,1.4383
18/03/2016,1.4273
21/03/2016,1.4589
22/03/2016,1.4971
23/03/2016,1.4541
24/03/2016,1.4659
28/03/2016,1.468
29/03/2016,1.4538
30/03/2016,1.4364
31/03/2016,1.4265
01/04/2016,1.4016
04/04/2016,1.377
05/04/2016,1.3778
06/04/2016,1.3947
07/04/2016,1.3812
08/04/2016,1.4637
11/04/2016,1.5077
12/04/2016,1.5343
13/04/2016,1.5295
14/04/2016,1.5056
15/04/2016,1.4612
18/04/2016,1.4365
19/04/2016,1.4799
20/04/2016,1.5068
21/04/2016,1.5159
22/04/2016,1.5309
25/04/2016,1.5131
26/04/2016,1.566
27/04/2016,1.5808
28/04/2016,1.598
29/04/2016,1.5848
02/05/2016,1.5628
03/05/2016,1.51
04/05/2016,1.4866
05/05/2016,1.4914
06/05/2016,1.4962
09/05/2016,1.4427
10/05/2016,1.4857
11/05/2016,1.5815
12/05/2016,1.5833
13/05/2016,1.5882
16/05/2016,1.6063
17/05/2016,1.6341
18/05/2016,1.6489
19/05/2016,1.6339
20/05/2016,1.6356
23/05/2016,1.6456
24/05/2016,1.6544
25/05/2016,1.6416
26/05/2016,1.6195
27/05/2016,1.6319
31/05/2016,1.6149
01/06/2016,1.6153
02/06/2016,1.6346
03/06/2016,1.6075
06/06/2016,1.5887
07/06/2016,1.5871
08/06/2016,1.6198
09/06/2016,1.6186
10/06/2016,1.5596
13/06/2016,1.5362
14/06/2016,1.5213
15/06/2016,1.5014
16/06/2016,1.4653
17/06/2016,1.5053
20/06/2016,1.5827
21/06/2016,1.5929
22/06/2016,1.5882
23/06/2016,1.6035
24/06/2016,1.525
27/06/2016,1.4767
28/06/2016,1.51
29/06/2016,1.5248
30/06/2016,1.5014
01/07/2016,1.5135
05/07/2016,1.4287
06/07/2016,1.4329
07/07/2016,1.3631
08/07/2016,1.3708
11/07/2016,1.3835
12/07/2016,1.4301
13/07/2016,1.3784
14/07/2016,1.414
15/07/2016,1.422
18/07/2016,1.3872
19/07/2016,1.3757
20/07/2016,1.3637
21/07/2016,1.355
22/07/2016,1.3615
25/07/2016,1.3336
26/07/2016,1.3452
27/07/2016,1.3214
28/07/2016,1.3062
29/07/2016,1.321
01/08/2016,1.3036
02/08/2016,1.3116
03/08/2016,1.3499
04/08/2016,1.368
05/08/2016,1.3763
08/08/2016,1.362
09/08/2016,1.3462
10/08/2016,1.3014
11/08/2016,1.3617
12/08/2016,1.3709
15/08/2016,1.4007
16/08/2016,1.4226
17/08/2016,1.4505
18/08/2016,1.4897
19/08/2016,1.5129
22/08/2016,1.4842
23/08/2016,1.4988
24/08/2016,1.5096
25/08/2016,1.5114
26/08/2016,1.5128
29/08/2016,1.4669
30/08/2016,1.4483
31/08/2016,1.4122
01/09/2016,1.2724
02/09/2016,1.3016
06/09/2016,1.3164
07/09/2016,1.3464
08/09/2016,1.4165
09/09/2016,1.3611
12/09/2016,1.3899
13/09/2016,1.3765
14/09/2016,1.3615
15/09/2016,1.4302
16/09/2016,1.4616
19/09/2016,1.4208
20/09/2016,1.3646
21/09/2016,1.399
22/09/2016,1.4018
23/09/2016,1.3769
26/09/2016,1.4024
27/09/2016,1.3937
28/09/2016,1.4777
29/09/2016,1.4668
30/09/2016,1.4874
03/10/2016,1.4705
04/10/2016,1.4996
05/10/2016,1.4928
06/10/2016,1.4978
07/10/2016,1.4818
10/10/2016,1.4972
11/10/2016,1.4829
12/10/2016,1.4619
13/10/2016,1.4818
14/10/2016,1.4936
17/10/2016,1.4924
18/10/2016,1.5057
19/10/2016,1.5136
20/10/2016,1.4937
21/10/2016,1.5314
24/10/2016,1.5038
25/10/2016,1.5005
26/10/2016,1.4831
27/10/2016,1.4871
28/10/2016,1.4691
31/10/2016,1.4495
01/11/2016,1.4841
02/11/2016,1.4479
03/11/2016,1.4245
04/11/2016,1.3786
07/11/2016,1.371
08/11/2016,1.3692
09/11/2016,1.3572
10/11/2016,1.3377
11/11/2016,1.3053
14/11/2016,1.2778
15/11/2016,1.335
16/11/2016,1.3191
17/11/2016,1.343
18/11/2016,1.3391
21/11/2016,1.3965
22/11/2016,1.4098
23/11/2016,1.4217
25/11/2016,1.3727
28/11/2016,1.4127
29/11/2016,1.3771
30/11/2016,1.4908
01/12/2016,1.547
02/12/2016,1.5591
05/12/2016,1.5575
06/12/2016,1.5359
07/12/2016,1.5082
08/12/2016,1.5047
09/12/2016,1.5073
12/12/2016,1.543
13/12/2016,1.5507
14/12/2016,1.5331
15/12/2016,1.5421
16/12/2016,1.5571
19/12/2016,1.5639
20/12/2016,1.5936
21/12/2016,1.6055
22/12/2016,1.604
23/12/2016,1.6262
27/12/2016,1.6528
28/12/2016,1.6746
29/12/2016,1.682
30/12/2016,1.6651
03/01/2017,1.6218
04/01/2017,1.6459
05/01/2017,1.6377
06/01/2017,1.634
09/01/2017,1.5707
10/01/2017,1.5467
11/01/2017,1.5929
12/01/2017,1.6108
13/01/2017,1.6117
17/01/2017,1.6004
18/01/2017,1.5487
19/01/2017,1.5345
20/01/2017,1.566
23/01/2017,1.5667
24/01/2017,1.5759
25/01/2017,1.5238
26/01/2017,1.5427
27/01/2017,1.5271
30/01/2017,1.5055
31/01/2017,1.5256
01/02/2017,1.5791
02/02/2017,1.5329
03/02/2017,1.5537
06/02/2017,1.5103
07/02/2017,1.4875
08/02/2017,1.5527
09/02/2017,1.5702
10/02/2017,1.5896
13/02/2017,1.5446
14/02/2017,1.5467
15/02/2017,1.5479
16/02/2017,1.5247
17/02/2017,1.5166
21/02/2017,1.494
22/02/2017,1.5133
23/02/2017,1.5286
24/02/2017,1.5148
27/02/2017,1.5327
28/02/2017,1.512
01/03/2017,1.678
02/03/2017,1.6433
03/03/2017,1.6531
06/03/2017,1.6723
07/03/2017,1.6798
08/03/2017,1.6526
09/03/2017,1.6243
10/03/2017,1.6001
13/03/2017,1.5807
14/03/2017,1.5835
15/03/2017,1.5834
16/03/2017,1.5942
17/03/2017,1.5989
20/03/2017,1.6113
21/03/2017,1.6052
22/03/2017,1.6019
23/03/2017,1.5896
24/03/2017,1.6048
27/03/2017,1.6189
28/03/2017,1.6349
29/03/2017,1.672
30/03/2017,1.6812
31/03/2017,1.7001
03/04/2017,1.6937
04/04/2017,1.7217
05/04/2017,1.7153
06/04/2017,1.7296
07/04/2017,1.7462
10/04/2017,1.7581
11/04/2017,1.7577
12/04/2017,1.7417
13/04/2017,1.7349
17/04/2017,1.7196
18/04/2017,1.711
19/04/2017,1.659
20/04/2017,1.6705
21/04/2017,1.6445
24/04/2017,1.6214
25/04/2017,1.623
26/04/2017,1.5903
27/04/2017,1.55
28/04/2017,1.548
01/05/2017,1.5272
02/05/2017,1.5136
03/05/2017,1.5338
04/05/2017,1.4812
05/05/2017,1.5046
08/05/2017,1.5178
09/05/2017,1.4895
10/05/2017,1.5396
11/05/2017,1.5622
12/05/2017,1.5761
15/05/2017,1.5954
16/05/2017,1.6043
17/05/2017,1.6027
18/05/2017,1.6063
19/05/2017,1.6523
22/05/2017,1.6626
23/05/2017,1.6614
24/05/2017,1.6526
25/05/2017,1.6093
26/05/2017,1.6426
30/05/2017,1.6389
31/05/2017,1.6122
01/06/2017,1.6014
02/06/2017,1.5771
05/06/2017,1.5381
06/06/2017,1.5545
07/06/2017,1.4913
08/06/2017,1.4919
09/06/2017,1.5017
12/06/2017,1.488
13/06/2017,1.4995
14/06/2017,1.4327
15/06/2017,1.4357
16/06/2017,1.4548
19/06/2017,1.4506
20/06/2017,1.424
21/06/2017,1.4105
22/06/2017,1.4345
23/06/2017,1.4341
26/06/2017,1.4387
27/06/2017,1.4598
28/06/2017,1.4833
29/06/2017,1.4856
30/06/2017,1.5152
03/07/2017,1.5348
05/07/2017,1.5024
06/07/2017,1.5287
07/07/2017,1.4984
10/07/2017,1.5007
11/07/2017,1.5183
12/07/2017,1.5208
13/07/2017,1.5261
14/07/2017,1.5605
17/07/2017,1.5567
18/07/2017,1.5789
19/07/2017,1.6169
20/07/2017,1.6062
21/07/2017,1.5633
24/07/2017,1.5568
25/07/2017,1.5962
26/07/2017,1.6173
27/07/2017,1.6446
28/07/2017,1.6761
31/07/2017,1.7058
01/08/2017,1.6613
02/08/2017,1.6448
03/08/2017,1.6319
04/08/2017,1.6463
07/08/2017,1.6299
08/08/2017,1.6208
09/08/2017,1.62
10/08/2017,1.6028
11/08/2017,1.613
14/08/2017,1.5767
15/08/2017,1.5795
16/08/2017,1.5638
17/08/2017,1.5869
18/08/2017,1.624
21/08/2017,1.5841
22/08/2017,1.5908
23/08/2017,1.6189
24/08/2017,1.6641
25/08/2017,1.6666
28/08/2017,1.7123
29/08/2017,1.7833
30/08/2017,1.8847
31/08/2017,2.1399
01/09/2017,1.7479
05/09/2017,1.6991
06/09/2017,1.6733
07/09/2017,1.661
08/09/2017,1.6476
11/09/2017,1.6345
12/09/2017,1.6563
13/09/2017,1.6473
14/09/2017,1.6287
15/09/2017,1.6617
18/09/2017,1.6686
19/09/2017,1.655
20/09/2017,1.6551
21/09/2017,1.6438
22/09/2017,1.6684
25/09/2017,1.722
26/09/2017,1.6988
27/09/2017,1.654
28/09/2017,1.6318
29/09/2017,1.6065
02/10/2017,1.5553
03/10/2017,1.5655
04/10/2017,1.5805
05/10/2017,1.6114
06/10/2017,1.5588
09/10/2017,1.5594
10/10/2017,1.5915
11/10/2017,1.6092
12/10/2017,1.5832
13/10/2017,1.6222
16/10/2017,1.6169
17/10/2017,1.6301
18/10/2017,1.6429
19/10/2017,1.6447
20/10/2017,1.6781
23/10/2017,1.6783
24/10/2017,1.7155
25/10/2017,1.7348
26/10/2017,1.7506
27/10/2017,1.7686
30/10/2017,1.7641
31/10/2017,1.7796
01/11/2017,1.741
02/11/2017,1.7697
03/11/2017,1.7934
06/11/2017,1.83
07/11/2017,1.8153
08/11/2017,1.8213
09/11/2017,1.8197
10/11/2017,1.8124
13/11/2017,1.7929
14/11/2017,1.7612
15/11/2017,1.7388
16/11/2017,1.7202
17/11/2017,1.7447
20/11/2017,1.7438
21/11/2017,1.7731
22/11/2017,1.7679
23/11/2017,1.7732
24/11/2017,1.788
26/11/2017,1.7854
27/11/2017,1.7893
28/11/2017,1.772
29/11/2017,1.7309
30/11/2017,1.7284
01/12/2017,1.7416
03/12/2017,1.7353
04/12/2017,1.6922
05/12/2017,1.7184
06/12/2017,1.6609
07/12/2017,1.7
08/12/2017,1.7166
10/12/2017,1.7096
11/12/2017,1.7266
12/12/2017,1.6976
13/12/2017,1.6467
14/12/2017,1.6707
15/12/2017,1.6548
17/12/2017,1.6586
18/12/2017,1.6725
19/12/2017,1.6966
20/12/2017,1.7353
21/12/2017,1.7476
22/12/2017,1.7623
26/12/2017,1.7866
27/12/2017,1.7915
28/12/2017,1.793
29/12/2017,1.7992
01/01/2018,1.7969
02/01/2018,1.7631
03/01/2018,1.7974
04/01/2018,1.8067
05/01/2018,1.7858
07/01/2018,1.791
08/01/2018,1.7918
09/01/2018,1.8362
10/01/2018,1.8327
11/01/2018,1.837
12/01/2018,1.8495
14/01/2018,1.8455
15/01/2018,1.8565
16/01/2018,1.8384
17/01/2018,1.8584
18/01/2018,1.8835
19/01/2018,1.8636
21/01/2018,1.8665
22/01/2018,1.8801
23/01/2018,1.9087
24/01/2018,1.9164
25/01/2018,1.9154
26/01/2018,1.9377
28/01/2018,1.9309
29/01/2018,1.9349
30/01/2018,1.8954
31/01/2018,1.9075
01/02/2018,1.8958
02/02/2018,1.872
04/02/2018,1.8655
05/02/2018,1.8466
06/02/2018,1.8052
07/02/2018,1.766
08/02/2018,1.765
09/02/2018,1.7002
11/02/2018,1.7075
12/02/2018,1.6785
13/02/2018,1.6853
14/02/2018,1.713
15/02/2018,1.7358
16/02/2018,1.7509
18/02/2018,1.7545
19/02/2018,1.7785
20/02/2018,1.7503
21/02/2018,1.7573
22/02/2018,1.7657
23/02/2018,1.8085
25/02/2018,1.9925
26/02/2018,1.8267
27/02/2018,1.8034
28/02/2018,1.7577
01/03/2018,1.8964
02/03/2018,1.9014
04/03/2018,1.9075
05/03/2018,1.9349
06/03/2018,1.9331
07/03/2018,1.9103
08/03/2018,1.8677
09/03/2018,1.9043
11/03/2018,1.9005
12/03/2018,1.894
13/03/2018,1.8863
14/03/2018,1.9243
15/03/2018,1.9248
16/03/2018,1.9459
18/03/2018,1.9395
19/03/2018,1.9249
20/03/2018,1.9659
21/03/2018,2.0122
22/03/2018,2.0096
23/03/2018,2.0336
25/03/2018,2.0509
26/03/2018,2.0104
27/03/2018,2.0135
28/03/2018,2.0116
29/03/2018,2.0179
01/04/2018,2.0277
02/04/2018,1.9661
03/04/2018,1.9741
04/04/2018,1.9768
05/04/2018,1.9816
06/04/2018,1.9547
08/04/2018,1.9531
09/04/2018,1.9842
10/04/2018,2.0409
11/04/2018,2.0676
12/04/2018,2.0546
13/04/2018,2.0654
15/04/2018,2.0585
16/04/2018,2.0399
17/04/2018,2.0412
18/04/2018,2.0683
19/04/2018,2.0774
20/04/2018,2.0959
22/04/2018,2.0925
23/04/2018,2.1237
24/04/2018,2.0949
25/04/2018,2.0897
26/04/2018,2.1123
27/04/2018,2.1269
29/04/2018,2.1208
30/04/2018,2.1292
01/05/2018,2.0876
02/05/2018,2.0798
03/05/2018,2.0875
04/05/2018,2.114
06/05/2018,2.1155
07/05/2018,2.134
08/05/2018,2.1114
09/05/2018,2.1673
10/05/2018,2.189
11/05/2018,2.1888
13/05/2018,2.184
14/05/2018,2.2002
15/05/2018,2.2048
16/05/2018,2.2499
17/05/2018,2.2431
18/05/2018,2.2333
20/05/2018,2.2405
21/05/2018,2.2565
22/05/2018,2.2702
23/05/2018,2.2601
24/05/2018,2.2338
25/05/2018,2.1814
28/05/2018,2.1469
29/05/2018,2.1441
30/05/2018,2.1842
31/05/2018,2.1603
01/06/2018,2.1434
03/06/2018,2.1384
04/06/2018,2.1224
05/06/2018,2.1062
06/06/2018,2.07
07/06/2018,2.1148
08/06/2018,2.1153
10/06/2018,2.1078
11/06/2018,2.1049
12/06/2018,2.0899
13/06/2018,2.1252
14/06/2018,2.091
15/06/2018,2.0232
17/06/2018,2.0161
18/06/2018,2.0546
19/06/2018,2.0379
20/06/2018,2.0235
21/06/2018,2.0123
22/06/2018,2.0705
24/06/2018,2.0335
25/06/2018,2.0515
26/06/2018,2.0746
27/06/2018,2.1336
28/06/2018,2.1329
29/06/2018,2.1791
01/07/2018,2.1365
02/07/2018,2.1048
03/07/2018,2.1176
04/07/2018,2.1235
05/07/2018,2.1293
06/07/2018,2.1085
08/07/2018,2.113
09/07/2018,2.1485
10/07/2018,2.1603
11/07/2018,2.0614
12/07/2018,2.0717
13/07/2018,2.1067
15/07/2018,2.1015
16/07/2018,2.0022
17/07/2018,2.0261
18/07/2018,2.0444
19/07/2018,2.0435
20/07/2018,2.069
22/07/2018,2.0675
23/07/2018,2.0914
24/07/2018,2.0956
25/07/2018,2.1231
26/07/2018,2.1623
27/07/2018,2.1619
29/07/2018,2.1135
30/07/2018,2.1603
31/07/2018,2.1291
01/08/2018,2.0451
02/08/2018,2.0681
03/08/2018,2.0655
05/08/2018,2.0614
06/08/2018,2.0651
07/08/2018,2.104
08/08/2018,2.0195
09/08/2018,1.9999
10/08/2018,2.0392
12/08/2018,2.0412
13/08/2018,2.0147
14/08/2018,2.0341
15/08/2018,1.9974
16/08/2018,1.9874
17/08/2018,1.9809
19/08/2018,1.9765
20/08/2018,2.0151
21/08/2018,2.0179
22/08/2018,2.068
23/08/2018,2.0592
24/08/2018,2.0779
26/08/2018,1.974
27/08/2018,2.0896
28/08/2018,2.0787
29/08/2018,2.106
30/08/2018,2.1435
31/08/2018,2.1437
02/09/2018,1.9997
03/09/2018,2.0305
04/09/2018,1.9942
05/09/2018,1.9648
06/09/2018,1.951
07/09/2018,1.97
09/09/2018,1.9844
10/09/2018,1.9592
11/09/2018,2.0142
12/09/2018,2.0348
13/09/2018,1.9929
14/09/2018,1.9702
16/09/2018,1.9752
17/09/2018,1.9768
18/09/2018,2.0049
19/09/2018,2.0207
20/09/2018,2.0146
21/09/2018,2.0171
23/09/2018,2.0248
24/09/2018,2.0547
25/09/2018,2.0677
26/09/2018,2.0585
27/09/2018,2.0824
28/09/2018,2.1012
30/09/2018,2.093
01/10/2018,2.1275
02/10/2018,2.1269
03/10/2018,2.1378
04/10/2018,2.1004
05/10/2018,2.0861
07/10/2018,2.0715
08/10/2018,2.0937
09/10/2018,2.0774
10/10/2018,2.0204
11/10/2018,1.9327
12/10/2018,1.942
14/10/2018,1.9656
15/10/2018,1.9443
16/10/2018,1.9773
17/10/2018,1.9187
18/10/2018,1.8911
19/10/2018,1.9139
21/10/2018,1.9135
22/10/2018,1.9067
23/10/2018,1.8368
24/10/2018,1.8223
25/10/2018,1.8129
26/10/2018,1.815
28/10/2018,1.8075
29/10/2018,1.8249
30/10/2018,1.8059
31/10/2018,1.768
01/11/2018,1.7165
02/11/2018,1.7083
04/11/2018,1.701
05/11/2018,1.6919
06/11/2018,1.694
07/11/2018,1.6474
08/11/2018,1.6443
09/11/2018,1.6214
11/11/2018,1.6368
12/11/2018,1.6367
13/11/2018,1.5427
14/11/2018,1.5606
15/11/2018,1.5566
16/11/2018,1.577
18/11/2018,1.5875
19/11/2018,1.5829
20/11/2018,1.4959
21/11/2018,1.5107
22/11/2018,1.493
23/11/2018,1.3913
25/11/2018,1.3859
26/11/2018,1.4426
27/11/2018,1.4208
28/11/2018,1.3979
29/11/2018,1.4547
30/11/2018,1.4413
01/12/2018,1.4413
02/12/2018,1.4413
03/12/2018,1.4314
04/12/2018,1.4434
05/12/2018,1.4456
06/12/2018,1.4334
07/12/2018,1.4858
08/12/2018,1.4858
09/12/2018,1.4858
10/12/2018,1.4189
11/12/2018,1.4398
12/12/2018,1.4204
13/12/2018,1.4782
14/12/2018,1.4343
15/12/2018,1.4343
16/12/2018,1.4343
17/12/2018,1.4104
18/12/2018,1.3505
19/12/2018,1.3863
20/12/2018,1.3224
21/12/2018,1.3183
22/12/2018,1.3183
23/12/2018,1.3183
24/12/2018,1.2488
25/12/2018,1.2488
26/12/2018,1.3304
27/12/2018,1.304
28/12/2018,1.3262
29/12/2018,1.3262
30/12/2018,1.3262
31/12/2018,1.3237
01/01/2019,1.3237
02/01/2019,1.3256
03/01/2019,1.3495
04/01/2019,1.3478
06/01/2019,1.369
07/01/2019,1.3408
08/01/2019,1.3626
09/01/2019,1.4254
10/01/2019,1.4307
11/01/2019,1.4007
13/01/2019,1.4125
14/01/2019,1.3955
15/01/2019,1.4114
16/01/2019,1.4159
17/01/2019,1.43
18/01/2019,1.4528
20/01/2019,1.4405
21/01/2019,1.4525
22/01/2019,1.4015
23/01/2019,1.3857
24/01/2019,1.3876
25/01/2019,1.3894
27/01/2019,1.3965
28/01/2019,1.3331
29/01/2019,1.3509
30/01/2019,1.3823
31/01/2019,1.3627
01/02/2019,1.4369
03/02/2019,1.4665
04/02/2019,1.4323
05/02/2019,1.4259
06/02/2019,1.4591
07/02/2019,1.4258
08/02/2019,1.4464
10/02/2019,1.4385
11/02/2019,1.4192
12/02/2019,1.4272
13/02/2019,1.4651
14/02/2019,1.5085
15/02/2019,1.5729
18/02/2019,1.5655
19/02/2019,1.5638
20/02/2019,1.5981
21/02/2019,1.6144
22/02/2019,1.6112
25/02/2019,1.5452
26/02/2019,1.5863
27/02/2019,1.634
28/02/2019,1.6293
01/03/2019,1.7303
04/03/2019,1.749
05/03/2019,1.7674
06/03/2019,1.789
07/03/2019,1.8054
08/03/2019,1.8017
11/03/2019,1.826
12/03/2019,1.8155
13/03/2019,1.8568
14/03/2019,1.8495
15/03/2019,1.8577
17/03/2019,1.8568
18/03/2019,1.8828
19/03/2019,1.8931
20/03/2019,1.9166
21/03/2019,1.9203
22/03/2019,1.9259
24/03/2019,1.8825
25/03/2019,1.9379
26/03/2019,1.9557
27/03/2019,1.8955
28/03/2019,1.8799
29/03/2019,1.8956
31/03/2019,1.8865
01/04/2019,1.8989
02/04/2019,1.9285
03/04/2019,1.9512
04/04/2019,1.9399
05/04/2019,1.9687
08/04/2019,1.988
09/04/2019,1.999
10/04/2019,2.0692
11/04/2019,2.0309
12/04/2019,2.037
15/04/2019,2.0118
16/04/2019,2.0317
17/04/2019,2.0418
18/04/2019,2.0722
22/04/2019,2.1298
23/04/2019,2.1316
24/04/2019,2.1285
25/04/2019,2.1321
26/04/2019,2.1006
29/04/2019,2.0828
30/04/2019,2.1232
01/05/2019,2.0642
02/05/2019,2.0183
03/05/2019,2.0245
05/05/2019,1.9942
06/05/2019,1.9966
07/05/2019,1.9487
08/05/2019,1.975
09/05/2019,1.9754
10/05/2019,1.9891
13/05/2019,1.9637
14/05/2019,1.9767
15/05/2019,2.0127
16/05/2019,2.0618
17/05/2019,2.0473
20/05/2019,2.0099
21/05/2019,2.0193
22/05/2019,1.9912
23/05/2019,1.9133
24/05/2019,1.9345
27/05/2019,1.9415
28/05/2019,1.9567
29/05/2019,1.9452
30/05/2019,1.8786
31/05/2019,1.802
02/06/2019,1.7525
03/06/2019,1.7413
04/06/2019,1.7242
05/06/2019,1.6928
06/06/2019,1.7076
07/06/2019,1.7389
09/06/2019,1.7465
10/06/2019,1.7303
11/06/2019,1.7563
12/06/2019,1.6861
13/06/2019,1.7199
14/06/2019,1.7325
16/06/2019,1.7374
17/06/2019,1.6908
18/06/2019,1.7214
19/06/2019,1.7355
20/06/2019,1.7863
21/06/2019,1.8561
23/06/2019,1.838
24/06/2019,1.8549
25/06/2019,1.8772
26/06/2019,1.9704
27/06/2019,1.9466
28/06/2019,1.9425
30/06/2019,1.9295
01/07/2019,1.9305
02/07/2019,1.8703
03/07/2019,1.9167
04/07/2019,1.8965
05/07/2019,1.9295
07/07/2019,1.9285
08/07/2019,1.9013
09/07/2019,1.9269
10/07/2019,2.0052
11/07/2019,1.9895
12/07/2019,1.977
14/07/2019,1.9485
15/07/2019,1.9303
16/07/2019,1.8918
17/07/2019,1.8787
18/07/2019,1.8342
19/07/2019,1.8405
21/07/2019,1.8558
22/07/2019,1.8279
23/07/2019,1.8605
24/07/2019,1.8551
25/07/2019,1.8803
26/07/2019,1.8744
28/07/2019,1.8175
29/07/2019,1.8634
30/07/2019,1.8969
31/07/2019,1.902
01/08/2019,1.7499
02/08/2019,1.7815
04/08/2019,1.7665
05/08/2019,1.718
06/08/2019,1.6873
07/08/2019,1.6203
08/08/2019,1.6457
09/08/2019,1.674
11/08/2019,1.6615
12/08/2019,1.6652
13/08/2019,1.7364
14/08/2019,1.6758
15/08/2019,1.6364
16/08/2019,1.6568
18/08/2019,1.6625
19/08/2019,1.6644
20/08/2019,1.6811
21/08/2019,1.6938
22/08/2019,1.6675
23/08/2019,1.6428
25/08/2019,1.5145
26/08/2019,1.6165
27/08/2019,1.6499
28/08/2019,1.6824
29/08/2019,1.6847
30/08/2019,1.6134
01/09/2019,1.5215
02/09/2019,1.4975
03/09/2019,1.4705
04/09/2019,1.5329
05/09/2019,1.546
06/09/2019,1.5742
08/09/2019,1.574
09/09/2019,1.5846
10/09/2019,1.5908
11/09/2019,1.5699
12/09/2019,1.553
13/09/2019,1.5531
15/09/2019,1.7316
16/09/2019,1.7524
17/09/2019,1.6751
18/09/2019,1.6577
19/09/2019,1.7007
20/09/2019,1.6784
22/09/2019,1.6875
23/09/2019,1.6838
24/09/2019,1.6543
25/09/2019,1.6252
26/09/2019,1.6612
27/09/2019,1.6514
29/09/2019,1.6078
30/09/2019,1.6049
01/10/2019,1.5737
02/10/2019,1.5455
03/10/2019,1.5559
04/10/2019,1.5734
06/10/2019,1.5643
07/10/2019,1.5694
08/10/2019,1.5809
09/10/2019,1.5871
10/10/2019,1.6233
11/10/2019,1.6388
13/10/2019,1.6453
14/10/2019,1.6132
15/10/2019,1.6144
16/10/2019,1.6248
17/10/2019,1.6225
18/10/2019,1.623
21/10/2019,1.6072
22/10/2019,1.6089
23/10/2019,1.6519
24/10/2019,1.6632
25/10/2019,1.673
28/10/2019,1.6728
29/10/2019,1.6857
30/10/2019,1.6645
31/10/2019,1.6312
01/11/2019,1.6557
04/11/2019,1.6637
05/11/2019,1.6746
06/11/2019,1.6262
07/11/2019,1.6355
08/11/2019,1.6337
11/11/2019,1.6099
12/11/2019,1.6144
13/11/2019,1.6365
14/11/2019,1.6158
15/11/2019,1.635
18/11/2019,1.621
19/11/2019,1.6037
20/11/2019,1.6563
21/11/2019,1.7044
22/11/2019,1.6743
25/11/2019,1.6748
26/11/2019,1.7047
27/11/2019,1.6792
28/11/2019,1.682
29/11/2019,1.597
01/12/2019,1.609
02/12/2019,1.5733
03/12/2019,1.5629
04/12/2019,1.6042
05/12/2019,1.6211
06/12/2019,1.6474
08/12/2019,1.645
09/12/2019,1.6548
10/12/2019,1.6525
11/12/2019,1.6261
12/12/2019,1.6283
13/12/2019,1.6632
15/12/2019,1.656
16/12/2019,1.6627
17/12/2019,1.6857
18/12/2019,1.6838
19/12/2019,1.7068
20/12/2019,1.7058
22/12/2019,1.7056
23/12/2019,1.7051
24/12/2019,1.727
25/12/2019,1.7255
26/12/2019,1.7537
27/12/2019,1.7473
29/12/2019,1.7445
30/12/2019,1.7283
31/12/2019,1.6978
01/01/2020,1.6995
02/01/2020,1.7042
03/01/2020,1.7488
05/01/2020,1.7679
06/01/2020,1.7544
07/01/2020,1.7222
08/01/2020,1.6488
09/01/2020,1.6527
10/01/2020,1.6596
12/01/2020,1.6555
13/01/2020,1.6573
14/01/2020,1.6544
15/01/2020,1.6368
16/01/2020,1.6548
17/01/2020,1.6406
19/01/2020,1.6575
20/01/2020,1.64
21/01/2020,1.6365
22/01/2020,1.5796
23/01/2020,1.5602
24/01/2020,1.5152
27/01/2020,1.484
28/01/2020,1.5032
29/01/2020,1.5308
30/01/2020,1.4937
31/01/2020,1.4887
03/02/2020,1.4737
04/02/2020,1.4432
05/02/2020,1.4863
06/02/2020,1.498
07/02/2020,1.5239
10/02/2020,1.5213
11/02/2020,1.5142
12/02/2020,1.581
13/02/2020,1.5802
14/02/2020,1.5833
17/02/2020,1.5958
18/02/2020,1.6148
19/02/2020,1.6633
20/02/2020,1.6697
21/02/2020,1.6506
24/02/2020,1.6091
25/02/2020,1.5324
26/02/2020,1.4549
27/02/2020,1.4106
28/02/2020,1.3955
02/03/2020,1.5396
03/03/2020,1.5313
04/03/2020,1.5555
05/03/2020,1.5218
06/03/2020,1.389
09/03/2020,1.1369
10/03/2020,1.1571
11/03/2020,1.1103
12/03/2020,0.8975
13/03/2020,0.8992
16/03/2020,0.6899
17/03/2020,0.7114
18/03/2020,0.6377
19/03/2020,0.685
20/03/2020,0.6054
22/03/2020,0.543
23/03/2020,0.4118
24/03/2020,0.4437
25/03/2020,0.5468
26/03/2020,0.5438
27/03/2020,0.5737
30/03/2020,0.5855
31/03/2020,0.5732
01/04/2020,0.5465
02/04/2020,0.6628
03/04/2020,0.6916
06/04/2020,0.7016
07/04/2020,0.6482
08/04/2020,0.678
09/04/2020,0.6773
12/04/2020,0.6942
13/04/2020,0.7033
14/04/2020,0.72
15/04/2020,0.7204
16/04/2020,0.7051
17/04/2020,0.7107
20/04/2020,0.6683
21/04/2020,0.5103
22/04/2020,0.6384
23/04/2020,0.6436
24/04/2020,0.6612
27/04/2020,0.6483
28/04/2020,0.6672
29/04/2020,0.7272
30/04/2020,0.6978
04/05/2020,0.8215
05/05/2020,0.9013
06/05/2020,0.8769
07/05/2020,0.9314
08/05/2020,0.9522
11/05/2020,0.9242
12/05/2020,0.9185
13/05/2020,0.8527
14/05/2020,0.9145
15/05/2020,0.9702
18/05/2020,1.0258
19/05/2020,1.0452
20/05/2020,1.0438
21/05/2020,1.0451
22/05/2020,1.0382
25/05/2020,1.0652
26/05/2020,1.0489
27/05/2020,0.9933
28/05/2020,0.9985
29/05/2020,1.0259
01/06/2020,1.0667
02/06/2020,1.1183
03/06/2020,1.1193
04/06/2020,1.149
05/06/2020,1.2136
08/06/2020,1.195
09/06/2020,1.2103
10/06/2020,1.2099
11/06/2020,1.1188
12/06/2020,1.1243
15/06/2020,1.1657
16/06/2020,1.2073
17/06/2020,1.2153
18/06/2020,1.2577
19/06/2020,1.2716
22/06/2020,1.2913
23/06/2020,1.2994
24/06/2020,1.1964
25/06/2020,1.1942
26/06/2020,1.1533
29/06/2020,1.1841
30/06/2020,1.2001
01/07/2020,1.2169
02/07/2020,1.2592
03/07/2020,1.2455
06/07/2020,1.2408
07/07/2020,1.275
08/07/2020,1.2909
09/07/2020,1.2505
10/07/2020,1.2831
13/07/2020,1.2734
14/07/2020,1.2474
15/07/2020,1.2645
16/07/2020,1.2339
17/07/2020,1.2245
20/07/2020,1.2265
21/07/2020,1.2797
22/07/2020,1.2828
23/07/2020,1.2586
24/07/2020,1.2848
27/07/2020,1.2747
28/07/2020,1.2656
29/07/2020,1.2415
30/07/2020,1.2204
31/07/2020,1.1871
03/08/2020,1.2131
04/08/2020,1.2143
05/08/2020,1.2228
06/08/2020,1.2281
07/08/2020,1.2076
10/08/2020,1.2293
11/08/2020,1.2045
12/08/2020,1.2438
13/08/2020,1.2348
14/08/2020,1.2446
17/08/2020,1.27
18/08/2020,1.283
19/08/2020,1.2905
20/08/2020,1.2965
21/08/2020,1.2841
24/08/2020,1.3671
25/08/2020,1.3959
26/08/2020,1.3606
27/08/2020,1.2845
28/08/2020,1.3155
31/08/2020,1.2761
01/09/2020,1.2247
02/09/2020,1.202
03/09/2020,1.2049
04/09/2020,1.1772
07/09/2020,1.163
08/09/2020,1.1028
09/09/2020,1.1193
10/09/2020,1.0977
11/09/2020,1.0949
14/09/2020,1.1068
15/09/2020,1.1381
16/09/2020,1.1889
17/09/2020,1.2244
18/09/2020,1.2366
21/09/2020,1.1771
22/09/2020,1.1643
23/09/2020,1.1813
24/09/2020,1.1957
25/09/2020,1.2142
28/09/2020,1.2466
29/09/2020,1.2017
30/09/2020,1.2008
01/10/2020,1.1524
02/10/2020,1.1235
05/10/2020,1.1941
06/10/2020,1.2351
07/10/2020,1.2009
08/10/2020,1.2316
09/10/2020,1.2032
12/10/2020,1.1757
13/10/2020,1.1827
14/10/2020,1.1971
15/10/2020,1.18
16/10/2020,1.1688
19/10/2020,1.1623
20/10/2020,1.1879
21/10/2020,1.1403
22/10/2020,1.1581
23/10/2020,1.1389
26/10/2020,1.1116
27/10/2020,1.1434
28/10/2020,1.0814
29/10/2020,1.0515
30/10/2020,1.0495
02/11/2020,1.052
03/11/2020,1.0769
04/11/2020,1.1081
05/11/2020,1.1159
06/11/2020,1.0844
09/11/2020,1.1607
10/11/2020,1.1941
11/11/2020,1.1759
12/11/2020,1.0894
13/11/2020,1.1254
16/11/2020,1.1468
17/11/2020,1.1532
18/11/2020,1.1629
19/11/2020,1.1625
20/11/2020,1.1752
23/11/2020,1.204
24/11/2020,1.2582
25/11/2020,1.2875
27/11/2020,1.282
30/11/2020,1.2489
01/12/2020,1.2204
02/12/2020,1.2399
03/12/2020,1.2617
04/12/2020,1.2685
07/12/2020,1.2558
08/12/2020,1.2559
09/12/2020,1.2759
10/12/2020,1.3166
11/12/2020,1.3077
14/12/2020,1.3191
15/12/2020,1.3268
16/12/2020,1.3529
17/12/2020,1.3881
18/12/2020,1.3956
21/12/2020,1.3604
22/12/2020,1.3395
28/12/2020,1.3677
29/12/2020,1.3879
30/12/2020,1.412
31/12/2020,1.4084
04/01/2021,1.3729
05/01/2021,1.4521
06/01/2021,1.475
07/01/2021,1.4827
08/01/2021,1.5423
11/01/2021,1.5208
12/01/2021,1.553
13/01/2021,1.5488
14/01/2021,1.5539
15/01/2021,1.5284
18/01/2021,1.525
19/01/2021,1.5181
20/01/2021,1.5381
21/01/2021,1.5479
22/01/2021,1.5487
25/01/2021,1.5611
26/01/2021,1.5807
27/01/2021,1.5771
28/01/2021,1.5829
29/01/2021,1.5725
01/02/2021,1.5901
02/02/2021,1.616
03/02/2021,1.6486
04/02/2021,1.6448
05/02/2021,1.6493
08/02/2021,1.6748
09/02/2021,1.6736
10/02/2021,1.6534
11/02/2021,1.6502
12/02/2021,1.6925
16/02/2021,1.7729
17/02/2021,1.8105
18/02/2021,1.7943
19/02/2021,1.8069
22/02/2021,1.8417
23/02/2021,1.8586
24/02/2021,1.8956
25/02/2021,1.8923
26/02/2021,1.877
01/03/2021,1.9429
02/03/2021,1.9364
03/03/2021,1.9518
04/03/2021,1.9979
05/03/2021,2.0647
08/03/2021,2.0487
09/03/2021,2.0502
10/03/2021,2.0795
11/03/2021,2.138
12/03/2021,2.15
15/03/2021,2.1046
16/03/2021,2.1012
17/03/2021,2.0471
18/03/2021,1.9441
19/03/2021,1.9431
22/03/2021,1.9598
23/03/2021,1.8964
24/03/2021,1.989
25/03/2021,1.9209
26/03/2021,1.9673
29/03/2021,1.9952
30/03/2021,1.989
31/03/2021,1.9533
01/04/2021,2.0223
05/04/2021,1.9611
06/04/2021,1.9663
07/04/2021,1.9518
08/04/2021,1.9518
09/04/2021,1.9593
12/04/2021,1.97
13/04/2021,1.9757
14/04/2021,2.0355
15/04/2021,2.0518
16/04/2021,2.0399
19/04/2021,2.0445
20/04/2021,2.0174
21/04/2021,1.9834
22/04/2021,1.9747
23/04/2021,1.9957
26/04/2021,1.9786
27/04/2021,2.0204
28/04/2021,2.0722
29/04/2021,2.0999
30/04/2021,2.0698
03/05/2021,2.1015
04/05/2021,2.1512
05/05/2021,2.1513
06/05/2021,2.1137
07/05/2021,2.1269
10/05/2021,2.1334
11/05/2021,2.1399
12/05/2021,2.161
13/05/2021,2.0953
14/05/2021,2.1266
17/05/2021,2.1583
18/05/2021,2.1609
19/05/2021,2.02
20/05/2021,2.0472
21/05/2021,2.0685
24/05/2021,2.1177
25/05/2021,2.1173
26/05/2021,2.1501
27/05/2021,2.1518
28/05/2021,2.1402
01/06/2021,2.1704
02/06/2021,2.1941
03/06/2021,2.2018
04/06/2021,2.2115
07/06/2021,2.1931
08/06/2021,2.219
09/06/2021,2.2025
10/06/2021,2.2122
11/06/2021,2.1861
14/06/2021,2.1712
15/06/2021,2.1705
16/06/2021,2.1562
17/06/2021,2.1342
18/06/2021,2.1683
21/06/2021,2.1969
22/06/2021,2.2243
23/06/2021,2.2669
24/06/2021,2.2809
25/06/2021,2.2639
28/06/2021,2.2166
29/06/2021,2.239
30/06/2021,2.2444
01/07/2021,2.2676
02/07/2021,2.2998
06/07/2021,2.2282
07/07/2021,2.206
08/07/2021,2.2552
09/07/2021,2.292
12/07/2021,2.2772
13/07/2021,2.3183
14/07/2021,2.2935
15/07/2021,2.2503
16/07/2021,2.2536
19/07/2021,2.1104
20/07/2021,2.1315
21/07/2021,2.2167
22/07/2021,2.2732
23/07/2021,2.2913
26/07/2021,2.3083
27/07/2021,2.3141
28/07/2021,2.3082
29/07/2021,2.3514
30/07/2021,2.3659
02/08/2021,2.2747
03/08/2021,2.2708
04/08/2021,2.25
05/08/2021,2.294
06/08/2021,2.2569
09/08/2021,2.2348
10/08/2021,2.2679
11/08/2021,2.3022
12/08/2021,2.2754
13/08/2021,2.2626
16/08/2021,2.2009
17/08/2021,2.1656
18/08/2021,2.1477
19/08/2021,2.0815
20/08/2021,2.0236
23/08/2021,2.1232
24/08/2021,2.1808
25/08/2021,2.3008
26/08/2021,2.2554
27/08/2021,2.2742
30/08/2021,2.3127
31/08/2021,2.2826
01/09/2021,2.1109
02/09/2021,2.1635
03/09/2021,2.154
07/09/2021,2.13
08/09/2021,2.0997
09/09/2021,2.0997
10/09/2021,2.154
13/09/2021,2.1609
14/09/2021,2.1724
15/09/2021,2.2066
16/09/2021,2.1812
17/09/2021,2.1713
20/09/2021,2.1152
21/09/2021,2.1052
22/09/2021,2.1239
23/09/2021,2.1715
24/09/2021,2.1875
27/09/2021,2.2237
28/09/2021,2.2019
29/09/2021,2.2293
30/09/2021,2.2536
01/10/2021,2.25
04/10/2021,2.3085
05/10/2021,2.3579
06/10/2021,2.3082
07/10/2021,2.3344
08/10/2021,2.3662
11/10/2021,2.3779
12/10/2021,2.3829
13/10/2021,2.4055
14/10/2021,2.435
15/10/2021,2.4864
18/10/2021,2.4866
19/10/2021,2.4755
20/10/2021,2.5084
21/10/2021,2.4801
22/10/2021,2.4821
25/10/2021,2.5162
26/10/2021,2.5168
27/10/2021,2.4497
28/10/2021,2.435
29/10/2021,2.462
01/11/2021,2.4093
02/11/2021,2.4501
03/11/2021,2.3385
04/11/2021,2.2926
05/11/2021,2.3209
08/11/2021,2.3222
09/11/2021,2.3752
10/11/2021,2.2972
11/11/2021,2.3178
12/11/2021,2.3114
15/11/2021,2.3288
16/11/2021,2.3497
17/11/2021,2.2803
18/11/2021,2.2803
19/11/2021,2.2943
22/11/2021,2.2119
23/11/2021,2.2602
24/11/2021,2.3372
26/11/2021,2.3197
29/11/2021,2.0294
30/11/2021,2.0771
01/12/2021,1.9401
02/12/2021,1.9511
03/12/2021,1.9529
06/12/2021,2.0433
07/12/2021,2.1
08/12/2021,2.1485
09/12/2021,2.1284
10/12/2021,2.1372
13/12/2021,2.1165
14/12/2021,2.1108
15/12/2021,2.1275
16/12/2021,2.1778
19/12/2021,2.1217
20/12/2021,2.09
21/12/2021,2.1522
22/12/2021,2.168
23/12/2021,2.168
26/12/2021,2.2061
27/12/2021,2.2339
28/12/2021,2.2471
29/12/2021,2.2717
30/12/2021,2.2968
31/12/2021,2.2914
03/01/2022,2.2565
04/01/2022,2.2763
05/01/2022,2.2921
06/01/2022,2.3043
07/01/2022,2.2989
10/01/2022,2.2754
11/01/2022,2.3574
12/01/2022,2.3908
13/01/2022,2.3841
14/01/2022,2.419
16/01/2022,2.419
18/01/2022,2.4318
19/01/2022,2.4318
20/01/2022,2.4622
21/01/2022,2.4424
23/01/2022,2.4424
24/01/2022,2.398
25/01/2022,2.4595
26/01/2022,2.5229
27/01/2022,2.521
28/01/2022,2.5423
30/01/2022,2.5423
31/01/2022,2.5544
01/02/2022,2.6785
02/02/2022,2.607
03/02/2022,2.6427
04/02/2022,2.6785
07/02/2022,2.6853
08/02/2022,2.6251
09/02/2022,2.6534
10/02/2022,2.6654
11/02/2022,2.7386
14/02/2022,2.7794
15/02/2022,2.6691
16/02/2022,2.6771
17/02/2022,2.6486
18/02/2022,2.6696
20/02/2022,2.8505
21/02/2022,2.8826
22/02/2022,2.7108
23/02/2022,2.7253
24/02/2022,2.771
25/02/2022,2.7273
27/02/2022,2.9862
28/02/2022,2.797
01/03/2022,3.0887
02/03/2022,3.3083
03/03/2022,3.2844
04/03/2022,3.544
07/03/2022,3.5721
08/03/2022,3.6826
09/03/2022,3.2938
10/03/2022,3.1567
11/03/2022,3.3121
14/03/2022,3.1689
15/03/2022,2.9981
16/03/2022,2.9875
17/03/2022,3.2166
18/03/2022,3.2388
21/03/2022,3.3716
22/03/2022,3.3307
23/03/2022,3.4387
24/03/2022,3.3897
25/03/2022,3.47
27/03/2022,3.3643
28/03/2022,3.2188
29/03/2022,3.1767
30/03/2022,3.2864
31/03/2022,3.1509
01/04/2022,3.1535
04/04/2022,3.1981
05/04/2022,3.1649
06/04/2022,3.0462
07/04/2022,3.0398
08/04/2022,3.1316
11/04/2022,3.0031
12/04/2022,3.1538
13/04/2022,3.2913
14/04/2022,3.2913
18/04/2022,3.3781
19/04/2022,3.2474
20/04/2022,3.2848
22/04/2022,3.305
25/04/2022,3.2398
26/04/2022,3.3388
27/04/2022,3.456
28/04/2022,3.5034
29/04/2022,3.4424
02/05/2022,3.5101
03/05/2022,3.5012
04/05/2022,3.6523
05/05/2022,3.6587
06/05/2022,3.6587
09/05/2022,3.759
10/05/2022,3.5415
11/05/2022,3.6855
12/05/2022,3.7917
13/05/2022,3.9578
16/05/2022,4.0229
17/05/2022,3.9417
18/05/2022,3.7206
19/05/2022,3.8317
20/05/2022,3.837
23/05/2022,3.7977
24/05/2022,3.811
25/05/2022,3.8317
26/05/2022,3.8774
27/05/2022,4.0158
30/05/2022,3.2255
31/05/2022,4.0804
01/06/2022,4.0716
02/06/2022,4.1909
03/06/2022,4.2522
06/06/2022,4.193
07/06/2022,4.1577
08/06/2022,4.2219
09/06/2022,4.2762
10/06/2022,4.1722
13/06/2022,4.0353
14/06/2022,3.9938
15/06/2022,3.8942
16/06/2022,3.9558
17/06/2022,3.793
21/06/2022,3.7945
22/06/2022,3.8341
23/06/2022,3.7656
24/06/2022,3.8848
27/06/2022,3.8372
28/06/2022,3.9351
29/06/2022,3.827
30/06/2022,3.6498
01/07/2022,3.6878
05/07/2022,3.329
06/07/2022,3.2366
07/07/2022,3.4204
08/07/2022,3.4471
11/07/2022,3.4622
12/07/2022,3.2646
13/07/2022,3.2337
14/07/2022,3.1868
15/07/2022,3.2132
18/07/2022,3.2643
19/07/2022,3.3075
20/07/2022,3.2754
21/07/2022,3.1495
22/07/2022,3.2228
25/07/2022,3.382
26/07/2022,3.355
27/07/2022,3.4288
28/07/2022,3.4646
29/07/2022,3.1132
01/07/2022,2.9981
02/07/2022,3.0567
03/07/2022,2.9122
04/07/2022,2.7935
